-- MySQL dump 10.13  Distrib 8.0.26, for Win64 (x86_64)
--
-- Host: localhost    Database: db_artifunapp
-- ------------------------------------------------------
-- Server version	8.0.26

/*!40101 SET @OLD_CHARACTER_SET_CLIENT=@@CHARACTER_SET_CLIENT */;
/*!40101 SET @OLD_CHARACTER_SET_RESULTS=@@CHARACTER_SET_RESULTS */;
/*!40101 SET @OLD_COLLATION_CONNECTION=@@COLLATION_CONNECTION */;
/*!50503 SET NAMES utf8 */;
/*!40103 SET @OLD_TIME_ZONE=@@TIME_ZONE */;
/*!40103 SET TIME_ZONE='+00:00' */;
/*!40014 SET @OLD_UNIQUE_CHECKS=@@UNIQUE_CHECKS, UNIQUE_CHECKS=0 */;
/*!40014 SET @OLD_FOREIGN_KEY_CHECKS=@@FOREIGN_KEY_CHECKS, FOREIGN_KEY_CHECKS=0 */;
/*!40101 SET @OLD_SQL_MODE=@@SQL_MODE, SQL_MODE='NO_AUTO_VALUE_ON_ZERO' */;
/*!40111 SET @OLD_SQL_NOTES=@@SQL_NOTES, SQL_NOTES=0 */;

--
-- Table structure for table `balances`
--

DROP TABLE IF EXISTS `balances`;
/*!40101 SET @saved_cs_client     = @@character_set_client */;
/*!50503 SET character_set_client = utf8mb4 */;
CREATE TABLE `balances` (
  `id` bigint unsigned NOT NULL AUTO_INCREMENT,
  `input` decimal(11,2) NOT NULL,
  `output` decimal(11,2) NOT NULL,
  `cost_sales` decimal(11,2) NOT NULL,
  `output_inventory` decimal(11,2) NOT NULL,
  `diferencia` decimal(11,2) NOT NULL,
  `product_canty` decimal(11,2) NOT NULL,
  `product_id` bigint unsigned NOT NULL,
  `created_at` timestamp NULL DEFAULT NULL,
  `updated_at` timestamp NULL DEFAULT NULL,
  PRIMARY KEY (`id`),
  KEY `balances_product_id_foreign` (`product_id`),
  CONSTRAINT `balances_product_id_foreign` FOREIGN KEY (`product_id`) REFERENCES `products` (`id`) ON DELETE CASCADE
) ENGINE=InnoDB DEFAULT CHARSET=utf8mb3 COLLATE=utf8_unicode_ci;
/*!40101 SET character_set_client = @saved_cs_client */;

--
-- Dumping data for table `balances`
--

LOCK TABLES `balances` WRITE;
/*!40000 ALTER TABLE `balances` DISABLE KEYS */;
/*!40000 ALTER TABLE `balances` ENABLE KEYS */;
UNLOCK TABLES;

--
-- Table structure for table `branchoffices`
--

DROP TABLE IF EXISTS `branchoffices`;
/*!40101 SET @saved_cs_client     = @@character_set_client */;
/*!50503 SET character_set_client = utf8mb4 */;
CREATE TABLE `branchoffices` (
  `id` bigint unsigned NOT NULL AUTO_INCREMENT,
  `code` varchar(255) COLLATE utf8_unicode_ci DEFAULT NULL,
  `name` varchar(255) COLLATE utf8_unicode_ci DEFAULT NULL,
  `contact` varchar(255) COLLATE utf8_unicode_ci DEFAULT NULL,
  `enterprice_id` bigint unsigned DEFAULT NULL,
  `created_at` timestamp NULL DEFAULT NULL,
  `updated_at` timestamp NULL DEFAULT NULL,
  PRIMARY KEY (`id`),
  KEY `branchoffices_enterprice_id_foreign` (`enterprice_id`),
  CONSTRAINT `branchoffices_enterprice_id_foreign` FOREIGN KEY (`enterprice_id`) REFERENCES `enterprices` (`id`) ON DELETE SET NULL
) ENGINE=InnoDB AUTO_INCREMENT=2 DEFAULT CHARSET=utf8mb3 COLLATE=utf8_unicode_ci;
/*!40101 SET character_set_client = @saved_cs_client */;

--
-- Dumping data for table `branchoffices`
--

LOCK TABLES `branchoffices` WRITE;
/*!40000 ALTER TABLE `branchoffices` DISABLE KEYS */;
INSERT INTO `branchoffices` VALUES (1,'564212','artifun principal','soporte almacen',1,'2022-08-15 15:58:00','2022-08-15 15:58:00');
/*!40000 ALTER TABLE `branchoffices` ENABLE KEYS */;
UNLOCK TABLES;

--
-- Table structure for table `enterprices`
--

DROP TABLE IF EXISTS `enterprices`;
/*!40101 SET @saved_cs_client     = @@character_set_client */;
/*!50503 SET character_set_client = utf8mb4 */;
CREATE TABLE `enterprices` (
  `id` bigint unsigned NOT NULL AUTO_INCREMENT,
  `name` varchar(255) COLLATE utf8_unicode_ci NOT NULL,
  `comercialname` varchar(255) COLLATE utf8_unicode_ci DEFAULT NULL,
  `document` varchar(255) COLLATE utf8_unicode_ci DEFAULT NULL,
  `address` varchar(255) COLLATE utf8_unicode_ci DEFAULT NULL,
  `phone` varchar(255) COLLATE utf8_unicode_ci DEFAULT NULL,
  `status` char(1) COLLATE utf8_unicode_ci NOT NULL DEFAULT '1',
  `logo` varchar(255) COLLATE utf8_unicode_ci DEFAULT NULL,
  `created_at` timestamp NULL DEFAULT NULL,
  `updated_at` timestamp NULL DEFAULT NULL,
  PRIMARY KEY (`id`)
) ENGINE=InnoDB AUTO_INCREMENT=2 DEFAULT CHARSET=utf8mb3 COLLATE=utf8_unicode_ci;
/*!40101 SET character_set_client = @saved_cs_client */;

--
-- Dumping data for table `enterprices`
--

LOCK TABLES `enterprices` WRITE;
/*!40000 ALTER TABLE `enterprices` DISABLE KEYS */;
INSERT INTO `enterprices` VALUES (1,'artifun','Distribuidora','3215641212','av la marina','987654564','1','logo.jpg','2022-08-15 15:58:00','2022-08-15 15:58:00');
/*!40000 ALTER TABLE `enterprices` ENABLE KEYS */;
UNLOCK TABLES;

--
-- Table structure for table `failed_jobs`
--

DROP TABLE IF EXISTS `failed_jobs`;
/*!40101 SET @saved_cs_client     = @@character_set_client */;
/*!50503 SET character_set_client = utf8mb4 */;
CREATE TABLE `failed_jobs` (
  `id` bigint unsigned NOT NULL AUTO_INCREMENT,
  `uuid` varchar(255) COLLATE utf8_unicode_ci NOT NULL,
  `connection` text COLLATE utf8_unicode_ci NOT NULL,
  `queue` text COLLATE utf8_unicode_ci NOT NULL,
  `payload` longtext COLLATE utf8_unicode_ci NOT NULL,
  `exception` longtext COLLATE utf8_unicode_ci NOT NULL,
  `failed_at` timestamp NOT NULL DEFAULT CURRENT_TIMESTAMP,
  PRIMARY KEY (`id`),
  UNIQUE KEY `failed_jobs_uuid_unique` (`uuid`)
) ENGINE=InnoDB DEFAULT CHARSET=utf8mb3 COLLATE=utf8_unicode_ci;
/*!40101 SET character_set_client = @saved_cs_client */;

--
-- Dumping data for table `failed_jobs`
--

LOCK TABLES `failed_jobs` WRITE;
/*!40000 ALTER TABLE `failed_jobs` DISABLE KEYS */;
/*!40000 ALTER TABLE `failed_jobs` ENABLE KEYS */;
UNLOCK TABLES;

--
-- Table structure for table `kardes`
--

DROP TABLE IF EXISTS `kardes`;
/*!40101 SET @saved_cs_client     = @@character_set_client */;
/*!50503 SET character_set_client = utf8mb4 */;
CREATE TABLE `kardes` (
  `id` bigint unsigned NOT NULL AUTO_INCREMENT,
  `num_fac` varchar(255) COLLATE utf8_unicode_ci DEFAULT NULL,
  `buy_canty` decimal(11,2) DEFAULT NULL,
  `buy_unit` decimal(11,2) DEFAULT NULL,
  `buy_total` decimal(11,2) DEFAULT NULL,
  `sales_canty` decimal(11,2) DEFAULT NULL,
  `sales_unit` decimal(11,2) DEFAULT NULL,
  `sales_total` decimal(11,2) DEFAULT NULL,
  `prom_canty` decimal(11,2) DEFAULT NULL,
  `prom_unit` decimal(11,2) DEFAULT NULL,
  `prom_total` decimal(11,2) DEFAULT NULL,
  `day_reg` date NOT NULL,
  `operation_id` bigint unsigned DEFAULT NULL,
  `vouchertype_id` bigint unsigned DEFAULT NULL,
  `product_id` bigint unsigned DEFAULT NULL,
  `created_at` timestamp NULL DEFAULT NULL,
  `updated_at` timestamp NULL DEFAULT NULL,
  PRIMARY KEY (`id`),
  KEY `kardes_operation_id_foreign` (`operation_id`),
  KEY `kardes_vouchertype_id_foreign` (`vouchertype_id`),
  KEY `kardes_product_id_foreign` (`product_id`),
  CONSTRAINT `kardes_operation_id_foreign` FOREIGN KEY (`operation_id`) REFERENCES `operations` (`id`) ON DELETE SET NULL,
  CONSTRAINT `kardes_product_id_foreign` FOREIGN KEY (`product_id`) REFERENCES `products` (`id`) ON DELETE SET NULL,
  CONSTRAINT `kardes_vouchertype_id_foreign` FOREIGN KEY (`vouchertype_id`) REFERENCES `vouchertypes` (`id`) ON DELETE SET NULL
) ENGINE=InnoDB AUTO_INCREMENT=43 DEFAULT CHARSET=utf8mb3 COLLATE=utf8_unicode_ci;
/*!40101 SET character_set_client = @saved_cs_client */;

--
-- Dumping data for table `kardes`
--

LOCK TABLES `kardes` WRITE;
/*!40000 ALTER TABLE `kardes` DISABLE KEYS */;
INSERT INTO `kardes` VALUES (1,NULL,2.00,575.17,1150.34,NULL,NULL,NULL,2.00,575.17,1150.34,'2022-08-15',NULL,NULL,2,'2022-08-15 15:58:04','2022-08-15 15:58:04'),(2,NULL,5.00,612.29,3061.44,NULL,NULL,NULL,5.00,612.29,3061.44,'2022-08-15',NULL,NULL,2,'2022-08-15 15:58:04','2022-08-15 15:58:04'),(3,NULL,6.00,810.51,4863.05,NULL,NULL,NULL,6.00,810.51,4863.05,'2022-08-15',NULL,NULL,76,'2022-08-15 15:58:04','2022-08-15 15:58:04'),(4,NULL,5.00,486.95,2434.75,NULL,NULL,NULL,5.00,486.95,2434.75,'2022-08-15',NULL,NULL,2,'2022-08-15 15:58:04','2022-08-15 15:58:04'),(5,NULL,1.00,553.56,553.56,NULL,NULL,NULL,1.00,553.56,553.56,'2022-08-15',NULL,NULL,2,'2022-08-15 15:58:04','2022-08-15 15:58:04'),(6,NULL,2.00,810.51,1621.02,NULL,NULL,NULL,8.00,810.51,6484.07,'2022-08-15',NULL,NULL,2,'2022-08-15 15:58:04','2022-08-15 15:58:04'),(7,NULL,2.00,812.88,1625.76,NULL,NULL,NULL,2.00,812.88,1625.76,'2022-08-15',NULL,NULL,40,'2022-08-15 15:58:04','2022-08-15 15:58:04'),(8,NULL,4.00,193.14,772.54,NULL,NULL,NULL,4.00,193.14,772.54,'2022-08-15',NULL,NULL,42,'2022-08-15 15:58:04','2022-08-15 15:58:04'),(9,NULL,6.00,285.51,1713.05,NULL,NULL,NULL,6.00,285.51,1713.05,'2022-08-15',NULL,NULL,2,'2022-08-15 15:58:04','2022-08-15 15:58:04'),(10,NULL,2.00,725.17,1450.34,NULL,NULL,NULL,2.00,725.17,1450.34,'2022-08-15',NULL,NULL,14,'2022-08-15 15:58:04','2022-08-15 15:58:04'),(11,NULL,3.00,102.71,308.14,NULL,NULL,NULL,3.00,102.71,308.14,'2022-08-15',NULL,NULL,2,'2022-08-15 15:58:04','2022-08-15 15:58:04'),(12,NULL,3.00,81.10,243.31,NULL,NULL,NULL,3.00,81.10,243.31,'2022-08-15',NULL,NULL,32,'2022-08-15 15:58:04','2022-08-15 15:58:04'),(13,NULL,2.00,285.51,571.02,NULL,NULL,NULL,8.00,285.51,2284.07,'2022-08-15',NULL,NULL,2,'2022-08-15 15:58:04','2022-08-15 15:58:04'),(14,NULL,2.00,508.64,1017.29,NULL,NULL,NULL,2.00,508.64,1017.29,'2022-08-15',NULL,NULL,37,'2022-08-15 15:58:04','2022-08-15 15:58:04'),(15,NULL,NULL,NULL,NULL,4.00,575.17,2300.68,-2.00,575.17,-1150.34,'2022-08-15',NULL,NULL,52,'2022-08-15 15:58:04','2022-08-15 15:58:04'),(16,NULL,6.00,792.97,4757.80,NULL,NULL,NULL,6.00,792.97,4757.80,'2022-08-15',NULL,NULL,74,'2022-08-15 15:58:04','2022-08-15 15:58:04'),(17,NULL,NULL,NULL,NULL,4.00,193.14,772.56,0.00,193.14,0.00,'2022-08-15',NULL,NULL,42,'2022-08-15 15:58:04','2022-08-15 15:58:04'),(18,NULL,5.00,676.44,3382.20,NULL,NULL,NULL,5.00,676.44,3382.20,'2022-08-15',NULL,NULL,4,'2022-08-15 15:58:04','2022-08-15 15:58:04'),(19,NULL,NULL,NULL,NULL,1.00,612.29,612.29,4.00,612.29,2449.16,'2022-08-15',NULL,NULL,92,'2022-08-15 15:58:04','2022-08-15 15:58:04'),(20,NULL,NULL,NULL,NULL,2.00,285.51,571.02,6.00,285.51,1713.06,'2022-08-15',NULL,NULL,2,'2022-08-15 15:58:04','2022-08-15 15:58:04'),(21,NULL,NULL,NULL,NULL,1.00,553.56,553.56,0.00,553.56,0.00,'2022-08-15',NULL,NULL,2,'2022-08-15 15:58:04','2022-08-15 15:58:04'),(22,NULL,6.00,104.49,626.95,NULL,NULL,NULL,6.00,104.49,626.95,'2022-08-15',NULL,NULL,2,'2022-08-15 15:58:04','2022-08-15 15:58:04'),(23,NULL,2.00,553.56,1107.12,NULL,NULL,NULL,2.00,553.56,1107.12,'2022-08-15',NULL,NULL,2,'2022-08-15 15:58:04','2022-08-15 15:58:04'),(24,NULL,NULL,NULL,NULL,2.00,285.51,571.02,4.00,285.51,1142.04,'2022-08-15',NULL,NULL,2,'2022-08-15 15:58:04','2022-08-15 15:58:04'),(25,NULL,NULL,NULL,NULL,3.00,102.71,308.13,0.00,102.71,0.00,'2022-08-15',NULL,NULL,2,'2022-08-15 15:58:05','2022-08-15 15:58:05'),(26,NULL,2.00,362.97,725.93,NULL,NULL,NULL,2.00,362.97,725.93,'2022-08-15',NULL,NULL,70,'2022-08-15 15:58:05','2022-08-15 15:58:05'),(27,NULL,4.00,4.92,19.66,NULL,NULL,NULL,4.00,4.92,19.66,'2022-08-15',NULL,NULL,1,'2022-08-15 15:58:05','2022-08-15 15:58:05'),(28,NULL,3.00,422.88,1268.64,NULL,NULL,NULL,3.00,422.88,1268.64,'2022-08-15',NULL,NULL,2,'2022-08-15 15:58:05','2022-08-15 15:58:05'),(29,NULL,NULL,NULL,NULL,5.00,285.51,1427.55,-1.00,285.51,-285.51,'2022-08-15',NULL,NULL,2,'2022-08-15 15:58:05','2022-08-15 15:58:05'),(30,NULL,5.00,751.78,3758.90,NULL,NULL,NULL,5.00,751.78,3758.90,'2022-08-15',NULL,NULL,2,'2022-08-15 15:58:05','2022-08-15 15:58:05'),(31,NULL,3.00,665.93,1997.80,NULL,NULL,NULL,3.00,665.93,1997.80,'2022-08-15',NULL,NULL,84,'2022-08-15 15:58:05','2022-08-15 15:58:05'),(32,NULL,6.00,56.36,338.14,NULL,NULL,NULL,6.00,56.36,338.14,'2022-08-15',NULL,NULL,34,'2022-08-15 15:58:05','2022-08-15 15:58:05'),(33,NULL,NULL,NULL,NULL,4.00,102.71,410.84,-4.00,102.71,-410.84,'2022-08-15',NULL,NULL,2,'2022-08-15 15:58:05','2022-08-15 15:58:05'),(34,NULL,NULL,NULL,NULL,5.00,104.49,522.45,1.00,104.49,104.49,'2022-08-15',NULL,NULL,17,'2022-08-15 15:58:05','2022-08-15 15:58:05'),(35,NULL,NULL,NULL,NULL,2.00,751.78,1503.56,3.00,751.78,2255.34,'2022-08-15',NULL,NULL,2,'2022-08-15 15:58:05','2022-08-15 15:58:05'),(36,NULL,NULL,NULL,NULL,5.00,56.36,281.80,1.00,56.36,56.36,'2022-08-15',NULL,NULL,2,'2022-08-15 15:58:05','2022-08-15 15:58:05'),(37,NULL,6.00,780.25,4681.53,NULL,NULL,NULL,6.00,780.25,4681.53,'2022-08-15',NULL,NULL,71,'2022-08-15 15:58:05','2022-08-15 15:58:05'),(38,NULL,NULL,NULL,NULL,4.00,422.88,1691.52,-1.00,422.88,-422.88,'2022-08-15',NULL,NULL,2,'2022-08-15 15:58:05','2022-08-15 15:58:05'),(39,NULL,2.00,476.44,952.88,NULL,NULL,NULL,2.00,476.44,952.88,'2022-08-15',NULL,NULL,46,'2022-08-15 15:58:05','2022-08-15 15:58:05'),(40,NULL,NULL,NULL,NULL,6.00,285.51,1713.06,-7.00,285.51,-1998.57,'2022-08-15',NULL,NULL,2,'2022-08-15 15:58:05','2022-08-15 15:58:05'),(41,NULL,4.00,637.88,2551.53,NULL,NULL,NULL,4.00,637.88,2551.53,'2022-08-15',NULL,NULL,2,'2022-08-15 15:58:05','2022-08-15 15:58:05'),(42,NULL,NULL,NULL,NULL,4.00,812.88,3251.52,-2.00,812.88,-1625.76,'2022-08-15',NULL,NULL,2,'2022-08-15 15:58:05','2022-08-15 15:58:05');
/*!40000 ALTER TABLE `kardes` ENABLE KEYS */;
UNLOCK TABLES;

--
-- Table structure for table `migrations`
--

DROP TABLE IF EXISTS `migrations`;
/*!40101 SET @saved_cs_client     = @@character_set_client */;
/*!50503 SET character_set_client = utf8mb4 */;
CREATE TABLE `migrations` (
  `id` int unsigned NOT NULL AUTO_INCREMENT,
  `migration` varchar(255) COLLATE utf8_unicode_ci NOT NULL,
  `batch` int NOT NULL,
  PRIMARY KEY (`id`)
) ENGINE=InnoDB AUTO_INCREMENT=821 DEFAULT CHARSET=utf8mb3 COLLATE=utf8_unicode_ci;
/*!40101 SET character_set_client = @saved_cs_client */;

--
-- Dumping data for table `migrations`
--

LOCK TABLES `migrations` WRITE;
/*!40000 ALTER TABLE `migrations` DISABLE KEYS */;
INSERT INTO `migrations` VALUES (801,'2014_10_11_000000_create_roles_table',1),(802,'2014_10_12_000000_create_users_table',1),(803,'2014_10_12_100000_create_password_resets_table',1),(804,'2014_10_12_200000_add_two_factor_columns_to_users_table',1),(805,'2019_08_19_000000_create_failed_jobs_table',1),(806,'2019_12_14_000001_create_personal_access_tokens_table',1),(807,'2022_07_30_233942_create_enterprices_table',1),(808,'2022_07_30_234035_create_branchoffices_table',1),(809,'2022_07_30_234105_create_products_table',1),(810,'2022_07_30_234140_create_balances_table',1),(811,'2022_07_30_234206_create_operations_table',1),(812,'2022_07_30_234227_create_vouchertypes_table',1),(813,'2022_07_30_234303_create_kardes_table',1),(814,'2022_07_30_234337_create_orderheaders_table',1),(815,'2022_07_30_234354_create_orderdetails_table',1),(816,'2022_07_30_234545_create_status_table',1),(817,'2022_07_30_234613_create_orderstatus_table',1),(818,'2022_07_31_041602_create_sessions_table',1),(819,'2022_07_31_094958_create_notifications_table',1),(820,'2022_07_31_100656_create_usernotifications_table',1);
/*!40000 ALTER TABLE `migrations` ENABLE KEYS */;
UNLOCK TABLES;

--
-- Table structure for table `notifications`
--

DROP TABLE IF EXISTS `notifications`;
/*!40101 SET @saved_cs_client     = @@character_set_client */;
/*!50503 SET character_set_client = utf8mb4 */;
CREATE TABLE `notifications` (
  `id` bigint unsigned NOT NULL AUTO_INCREMENT,
  `title` varchar(255) COLLATE utf8_unicode_ci NOT NULL,
  `message` varchar(255) COLLATE utf8_unicode_ci NOT NULL,
  `path_url` varchar(255) COLLATE utf8_unicode_ci NOT NULL,
  `created_at` timestamp NULL DEFAULT NULL,
  `updated_at` timestamp NULL DEFAULT NULL,
  PRIMARY KEY (`id`)
) ENGINE=InnoDB AUTO_INCREMENT=51 DEFAULT CHARSET=utf8mb3 COLLATE=utf8_unicode_ci;
/*!40101 SET character_set_client = @saved_cs_client */;

--
-- Dumping data for table `notifications`
--

LOCK TABLES `notifications` WRITE;
/*!40000 ALTER TABLE `notifications` DISABLE KEYS */;
INSERT INTO `notifications` VALUES (1,'Aut est.','Repudiandae omnis sit et laudantium eius.','Qui qui occaecati delectus.','2022-08-15 15:58:05','2022-08-15 15:58:05'),(2,'Eveniet laudantium nam.','Sed assumenda optio quos neque optio ipsam.','Consequatur voluptas distinctio consectetur.','2022-08-15 15:58:05','2022-08-15 15:58:05'),(3,'Nostrum quaerat debitis.','Nobis velit amet deleniti.','Error perspiciatis corrupti aperiam vel.','2022-08-15 15:58:05','2022-08-15 15:58:05'),(4,'Ipsum velit laudantium.','Voluptates nam quo dolorem.','Illo id voluptatem cupiditate.','2022-08-15 15:58:05','2022-08-15 15:58:05'),(5,'Quaerat mollitia.','Ut quam harum quos.','Aperiam est eos voluptas.','2022-08-15 15:58:05','2022-08-15 15:58:05'),(6,'Nisi fuga.','Amet est ipsum repudiandae nam quia.','Dolorem tempora eum ab expedita corrupti.','2022-08-15 15:58:05','2022-08-15 15:58:05'),(7,'Ipsa itaque.','Sit molestiae nihil dicta quae sint.','Sunt consequatur voluptate possimus doloremque neque occaecati.','2022-08-15 15:58:05','2022-08-15 15:58:05'),(8,'Minus placeat ea.','Earum autem tempora sit vitae delectus.','Quibusdam molestiae perferendis aut.','2022-08-15 15:58:05','2022-08-15 15:58:05'),(9,'Voluptatem inventore eum.','Ad eos omnis optio.','Dolores nostrum ad consequatur consequatur quod.','2022-08-15 15:58:05','2022-08-15 15:58:05'),(10,'Ut sunt.','Pariatur eum facere in molestiae.','Quam molestias culpa libero aliquid eos autem.','2022-08-15 15:58:05','2022-08-15 15:58:05'),(11,'Fugiat mollitia.','Rerum quia commodi velit aut.','Perferendis laborum quo blanditiis repellat.','2022-08-15 15:58:05','2022-08-15 15:58:05'),(12,'Et sed suscipit.','Non blanditiis velit quasi unde eius.','Vero vel mollitia autem.','2022-08-15 15:58:05','2022-08-15 15:58:05'),(13,'Laborum accusantium quod.','Et aut est illo nostrum aliquid.','Facilis rerum similique adipisci.','2022-08-15 15:58:05','2022-08-15 15:58:05'),(14,'Quia autem repudiandae.','Quia ad dolore pariatur quae totam.','Iste cumque quas dolores deleniti.','2022-08-15 15:58:05','2022-08-15 15:58:05'),(15,'Rerum ducimus.','Consequatur minima et molestiae inventore.','Ut quaerat asperiores rerum quo sunt eum.','2022-08-15 15:58:05','2022-08-15 15:58:05'),(16,'Ut ea.','Non magnam voluptatem sunt et quam.','Aut optio tempora maiores.','2022-08-15 15:58:05','2022-08-15 15:58:05'),(17,'Et optio veritatis.','Quisquam doloremque eveniet quo consequuntur mollitia ullam.','Blanditiis voluptas nihil corporis voluptatem porro eaque.','2022-08-15 15:58:05','2022-08-15 15:58:05'),(18,'Aut voluptatem.','Dolore omnis beatae omnis.','Iste reprehenderit qui error.','2022-08-15 15:58:05','2022-08-15 15:58:05'),(19,'Aliquam deserunt et.','In voluptates dolore et qui sunt odit.','Officiis quidem dolorem aut numquam illo repellat.','2022-08-15 15:58:05','2022-08-15 15:58:05'),(20,'Earum laudantium.','Temporibus qui iure minima laboriosam.','Totam accusantium quod sunt quia perspiciatis corporis.','2022-08-15 15:58:05','2022-08-15 15:58:05'),(21,'Facilis dolores.','Amet sunt sed nemo.','Qui vel sint eius atque quibusdam ea deleniti.','2022-08-15 15:58:05','2022-08-15 15:58:05'),(22,'Accusamus et et.','In aut quaerat quaerat adipisci voluptatibus provident.','Asperiores omnis molestiae nulla et eius ut voluptate.','2022-08-15 15:58:05','2022-08-15 15:58:05'),(23,'Sed sed.','Esse a reiciendis porro minima eveniet.','Atque libero doloribus illum voluptatibus odio voluptatem.','2022-08-15 15:58:05','2022-08-15 15:58:05'),(24,'Doloremque et.','Ut qui excepturi modi dolorem omnis itaque.','Ut voluptatem quidem corrupti.','2022-08-15 15:58:05','2022-08-15 15:58:05'),(25,'Tenetur numquam necessitatibus.','Accusamus consequatur minima autem cupiditate illum quibusdam.','Ducimus alias dolorem et.','2022-08-15 15:58:05','2022-08-15 15:58:05'),(26,'Nisi qui.','Vitae modi harum accusamus explicabo.','Quia voluptatum dicta nostrum esse laborum.','2022-08-15 15:58:05','2022-08-15 15:58:05'),(27,'Eum ut voluptas.','Ipsa ut vero autem velit.','Placeat non laboriosam eos et.','2022-08-15 15:58:05','2022-08-15 15:58:05'),(28,'Voluptatem qui alias.','Eum excepturi porro accusantium quia sit non.','Sit cupiditate nihil voluptas quod.','2022-08-15 15:58:05','2022-08-15 15:58:05'),(29,'Velit repudiandae omnis.','Consequuntur aut vero aliquam.','Ratione delectus ad voluptas odio.','2022-08-15 15:58:05','2022-08-15 15:58:05'),(30,'Sint vero.','Quam libero omnis quo est nam ea.','Rerum nihil dignissimos et.','2022-08-15 15:58:05','2022-08-15 15:58:05'),(31,'Ducimus nobis velit.','Dolores voluptatem iste officiis aut eveniet.','Dolores amet quaerat ea iure.','2022-08-15 15:58:05','2022-08-15 15:58:05'),(32,'Optio et.','Quas id incidunt eligendi rerum iusto.','Et non qui praesentium voluptatibus rerum qui.','2022-08-15 15:58:05','2022-08-15 15:58:05'),(33,'Corrupti illum beatae.','Est dolore exercitationem fuga reiciendis magni optio.','Rerum blanditiis praesentium sit architecto dolores.','2022-08-15 15:58:05','2022-08-15 15:58:05'),(34,'Porro est cumque.','Facilis quo alias sed iusto accusamus.','Qui odit quas sunt ut eos.','2022-08-15 15:58:05','2022-08-15 15:58:05'),(35,'Reiciendis rerum officiis.','Atque dignissimos praesentium non.','Non illo et facilis dolor repellat.','2022-08-15 15:58:05','2022-08-15 15:58:05'),(36,'Harum est sunt.','Fugiat aspernatur ut assumenda.','Perspiciatis et ex fugiat.','2022-08-15 15:58:05','2022-08-15 15:58:05'),(37,'Voluptas aut sequi.','Dolore sed dolor et.','Dolores repellat id totam.','2022-08-15 15:58:05','2022-08-15 15:58:05'),(38,'Est totam.','Porro minima occaecati neque nulla fuga illo.','Qui hic sunt ut natus quis.','2022-08-15 15:58:05','2022-08-15 15:58:05'),(39,'Natus nihil autem.','Voluptatum est eveniet mollitia quis libero.','Neque praesentium magnam non quis.','2022-08-15 15:58:05','2022-08-15 15:58:05'),(40,'Qui quod nihil.','Officiis est dolores non vel non iste.','Et magnam voluptas officia doloremque omnis.','2022-08-15 15:58:05','2022-08-15 15:58:05'),(41,'Cumque quos magni.','Vel sed aliquam quasi.','Dignissimos consectetur suscipit optio quo.','2022-08-15 15:58:05','2022-08-15 15:58:05'),(42,'Voluptatibus omnis qui.','Non iste et vel vero.','Et voluptatem quam nesciunt repellendus.','2022-08-15 15:58:05','2022-08-15 15:58:05'),(43,'Culpa ducimus.','Laboriosam tempore repudiandae dolorum corrupti iusto dolores.','Rerum quasi nobis perspiciatis totam.','2022-08-15 15:58:05','2022-08-15 15:58:05'),(44,'Distinctio ut.','Voluptates sed aperiam omnis nisi sint.','Quisquam quaerat incidunt quia at molestiae.','2022-08-15 15:58:05','2022-08-15 15:58:05'),(45,'Officiis earum alias.','Et ipsum et non.','Modi hic totam exercitationem dolore animi.','2022-08-15 15:58:05','2022-08-15 15:58:05'),(46,'Molestias ut.','Et esse fugiat deleniti et expedita et.','Minima molestiae voluptate explicabo.','2022-08-15 15:58:05','2022-08-15 15:58:05'),(47,'Qui ipsam quis.','Nihil totam et esse maiores.','Et magni eos minima.','2022-08-15 15:58:05','2022-08-15 15:58:05'),(48,'Dolores veniam.','Exercitationem nihil natus fugiat distinctio.','Quisquam explicabo sit et.','2022-08-15 15:58:05','2022-08-15 15:58:05'),(49,'Libero et aperiam.','Aut sapiente ad ad sed qui.','Distinctio totam earum quia quis et.','2022-08-15 15:58:05','2022-08-15 15:58:05'),(50,'Voluptatem voluptate ratione.','Officiis sunt provident amet voluptas maiores ad.','Molestiae iure est est a deserunt voluptatem.','2022-08-15 15:58:05','2022-08-15 15:58:05');
/*!40000 ALTER TABLE `notifications` ENABLE KEYS */;
UNLOCK TABLES;

--
-- Table structure for table `operations`
--

DROP TABLE IF EXISTS `operations`;
/*!40101 SET @saved_cs_client     = @@character_set_client */;
/*!50503 SET character_set_client = utf8mb4 */;
CREATE TABLE `operations` (
  `id` bigint unsigned NOT NULL AUTO_INCREMENT,
  `code` varchar(255) COLLATE utf8_unicode_ci NOT NULL,
  `name` varchar(255) COLLATE utf8_unicode_ci NOT NULL,
  `created_at` timestamp NULL DEFAULT NULL,
  `updated_at` timestamp NULL DEFAULT NULL,
  PRIMARY KEY (`id`)
) ENGINE=InnoDB AUTO_INCREMENT=19 DEFAULT CHARSET=utf8mb3 COLLATE=utf8_unicode_ci;
/*!40101 SET character_set_client = @saved_cs_client */;

--
-- Dumping data for table `operations`
--

LOCK TABLES `operations` WRITE;
/*!40000 ALTER TABLE `operations` DISABLE KEYS */;
INSERT INTO `operations` VALUES (1,'01','venta','2022-08-15 15:58:00','2022-08-15 15:58:00'),(2,'02','compra','2022-08-15 15:58:00','2022-08-15 15:58:00'),(3,'05','Devolucion recibida','2022-08-15 15:58:00','2022-08-15 15:58:00');
/*!40000 ALTER TABLE `operations` ENABLE KEYS */;
UNLOCK TABLES;

--
-- Table structure for table `orderdetails`
--

DROP TABLE IF EXISTS `orderdetails`;
/*!40101 SET @saved_cs_client     = @@character_set_client */;
/*!50503 SET character_set_client = utf8mb4 */;
CREATE TABLE `orderdetails` (
  `id` bigint unsigned NOT NULL AUTO_INCREMENT,
  `canty` decimal(11,2) NOT NULL,
  `product_name` varchar(255) COLLATE utf8_unicode_ci DEFAULT NULL,
  `price` decimal(11,2) NOT NULL,
  `discount` decimal(11,2) DEFAULT NULL,
  `order` int DEFAULT NULL,
  `orderheader_id` bigint unsigned NOT NULL,
  `product_id` bigint unsigned NOT NULL,
  `created_at` timestamp NULL DEFAULT NULL,
  `updated_at` timestamp NULL DEFAULT NULL,
  PRIMARY KEY (`id`),
  KEY `orderdetails_orderheader_id_foreign` (`orderheader_id`),
  KEY `orderdetails_product_id_foreign` (`product_id`),
  CONSTRAINT `orderdetails_orderheader_id_foreign` FOREIGN KEY (`orderheader_id`) REFERENCES `orderheaders` (`id`) ON DELETE CASCADE,
  CONSTRAINT `orderdetails_product_id_foreign` FOREIGN KEY (`product_id`) REFERENCES `products` (`id`) ON DELETE CASCADE
) ENGINE=InnoDB AUTO_INCREMENT=601 DEFAULT CHARSET=utf8mb3 COLLATE=utf8_unicode_ci;
/*!40101 SET character_set_client = @saved_cs_client */;

--
-- Dumping data for table `orderdetails`
--

LOCK TABLES `orderdetails` WRITE;
/*!40000 ALTER TABLE `orderdetails` DISABLE KEYS */;
INSERT INTO `orderdetails` VALUES (1,4.00,'Assumenda vero dignissimos.',499.00,0.00,1,22,30,'2022-08-15 15:58:03','2022-08-15 15:58:03'),(2,5.00,'Id qui ipsam nemo.',610.40,0.00,1,9,27,'2022-08-15 15:58:03','2022-08-15 15:58:03'),(3,4.00,'Dolorem cupiditate aut molestiae.',66.50,0.00,1,3,34,'2022-08-15 15:58:03','2022-08-15 15:58:03'),(4,1.00,'Eos atque earum magnam.',760.70,0.00,1,14,47,'2022-08-15 15:58:03','2022-08-15 15:58:03'),(5,3.00,'Error est.',574.60,0.00,1,9,69,'2022-08-15 15:58:03','2022-08-15 15:58:03'),(6,4.00,'Magni vel quos.',767.60,0.00,1,24,43,'2022-08-15 15:58:03','2022-08-15 15:58:03'),(7,4.00,'Eveniet dolores atque.',799.30,0.00,1,7,24,'2022-08-15 15:58:03','2022-08-15 15:58:03'),(8,4.00,'Nulla voluptas sed assumenda.',271.10,0.00,1,20,53,'2022-08-15 15:58:03','2022-08-15 15:58:03'),(9,3.00,'Maiores sint consequatur.',178.00,0.00,1,18,65,'2022-08-15 15:58:03','2022-08-15 15:58:03'),(10,5.00,'Ullam magni voluptatem unde.',5.90,0.00,1,12,45,'2022-08-15 15:58:03','2022-08-15 15:58:03'),(11,1.00,'Accusamus explicabo blanditiis.',844.50,0.00,1,47,91,'2022-08-15 15:58:03','2022-08-15 15:58:03'),(12,6.00,'Accusamus explicabo blanditiis.',844.50,0.00,1,24,91,'2022-08-15 15:58:03','2022-08-15 15:58:03'),(13,6.00,'Quia illum dolorum accusantium aliquid.',928.30,0.00,1,13,48,'2022-08-15 15:58:03','2022-08-15 15:58:03'),(14,6.00,'Accusamus explicabo blanditiis.',844.50,0.00,1,22,91,'2022-08-15 15:58:03','2022-08-15 15:58:03'),(15,3.00,'Nam voluptas nemo.',428.30,0.00,1,1,70,'2022-08-15 15:58:03','2022-08-15 15:58:03'),(16,4.00,'Maiores sint consequatur.',178.00,0.00,1,7,65,'2022-08-15 15:58:03','2022-08-15 15:58:03'),(17,6.00,'Laborum minus perferendis facere.',792.10,0.00,1,28,99,'2022-08-15 15:58:03','2022-08-15 15:58:03'),(18,3.00,'Optio enim quo.',392.60,0.00,1,31,13,'2022-08-15 15:58:03','2022-08-15 15:58:03'),(19,4.00,'Aliquam voluptatem est nesciunt.',503.30,0.00,1,17,87,'2022-08-15 15:58:03','2022-08-15 15:58:03'),(20,1.00,'Vel esse.',443.90,0.00,1,3,15,'2022-08-15 15:58:03','2022-08-15 15:58:03'),(21,2.00,'Itaque magni consequatur.',678.70,0.00,1,42,52,'2022-08-15 15:58:03','2022-08-15 15:58:03'),(22,2.00,'Qui impedit quidem aliquid dolorem.',644.30,0.00,1,45,31,'2022-08-15 15:58:03','2022-08-15 15:58:03'),(23,3.00,'Alias ab dignissimos.',440.40,0.00,1,26,59,'2022-08-15 15:58:03','2022-08-15 15:58:03'),(24,3.00,'Doloribus rerum occaecati ut.',620.30,0.00,1,2,64,'2022-08-15 15:58:03','2022-08-15 15:58:03'),(25,6.00,'Provident iure enim.',887.10,0.00,1,35,2,'2022-08-15 15:58:03','2022-08-15 15:58:03'),(26,6.00,'Doloribus rerum occaecati ut.',620.30,0.00,1,18,64,'2022-08-15 15:58:03','2022-08-15 15:58:03'),(27,3.00,'Id qui ipsam nemo.',610.40,0.00,1,18,27,'2022-08-15 15:58:03','2022-08-15 15:58:03'),(28,2.00,'Sed ullam mollitia non.',80.20,0.00,1,26,63,'2022-08-15 15:58:03','2022-08-15 15:58:03'),(29,2.00,'Error est.',574.60,0.00,1,7,69,'2022-08-15 15:58:03','2022-08-15 15:58:03'),(30,6.00,'Illo consectetur sit.',692.40,0.00,1,4,80,'2022-08-15 15:58:03','2022-08-15 15:58:03'),(31,5.00,'Qui impedit quidem aliquid dolorem.',644.30,0.00,1,16,31,'2022-08-15 15:58:03','2022-08-15 15:58:03'),(32,4.00,'Iste omnis sint distinctio.',875.40,0.00,1,19,7,'2022-08-15 15:58:03','2022-08-15 15:58:03'),(33,1.00,'Laborum minus perferendis facere.',792.10,0.00,1,14,99,'2022-08-15 15:58:03','2022-08-15 15:58:03'),(34,2.00,'Laborum minus perferendis facere.',792.10,0.00,1,11,99,'2022-08-15 15:58:03','2022-08-15 15:58:03'),(35,2.00,'Ipsum odio nisi aut.',48.80,0.00,1,37,6,'2022-08-15 15:58:03','2022-08-15 15:58:03'),(36,3.00,'Incidunt excepturi omnis.',752.70,0.00,1,43,83,'2022-08-15 15:58:03','2022-08-15 15:58:03'),(37,1.00,'Voluptate quos in.',266.10,0.00,1,17,50,'2022-08-15 15:58:03','2022-08-15 15:58:03'),(38,5.00,'Laudantium ut consequatur.',722.50,0.00,1,20,92,'2022-08-15 15:58:03','2022-08-15 15:58:03'),(39,2.00,'In ipsum quam dolorem ut.',499.20,0.00,1,26,36,'2022-08-15 15:58:03','2022-08-15 15:58:03'),(40,4.00,'Animi est.',26.40,0.00,1,34,94,'2022-08-15 15:58:03','2022-08-15 15:58:03'),(41,6.00,'Voluptas praesentium perferendis corrupti.',769.80,0.00,1,25,10,'2022-08-15 15:58:03','2022-08-15 15:58:03'),(42,6.00,'Modi quis porro enim.',785.80,0.00,1,4,84,'2022-08-15 15:58:03','2022-08-15 15:58:03'),(43,3.00,'Quidem vel omnis.',516.90,0.00,1,25,26,'2022-08-15 15:58:03','2022-08-15 15:58:03'),(44,4.00,'Nemo est nostrum consectetur.',613.40,0.00,1,15,25,'2022-08-15 15:58:03','2022-08-15 15:58:03'),(45,6.00,'Repudiandae tempora alias.',84.60,0.00,1,35,33,'2022-08-15 15:58:03','2022-08-15 15:58:03'),(46,5.00,'Laudantium ut consequatur.',722.50,0.00,1,42,92,'2022-08-15 15:58:03','2022-08-15 15:58:03'),(47,5.00,'Maiores ipsam magnam harum.',368.00,0.00,1,26,96,'2022-08-15 15:58:03','2022-08-15 15:58:03'),(48,4.00,'Soluta alias et.',954.60,0.00,1,2,85,'2022-08-15 15:58:03','2022-08-15 15:58:03'),(49,6.00,'Sit et dignissimos harum.',956.40,0.00,1,42,76,'2022-08-15 15:58:03','2022-08-15 15:58:03'),(50,6.00,'Deserunt ab.',671.30,0.00,1,24,95,'2022-08-15 15:58:03','2022-08-15 15:58:03'),(51,2.00,'Voluptatem nihil veniam.',604.00,0.00,1,16,12,'2022-08-15 15:58:03','2022-08-15 15:58:03'),(52,5.00,'Consequatur rerum et rerum.',336.90,0.00,1,24,79,'2022-08-15 15:58:03','2022-08-15 15:58:03'),(53,5.00,'Error est.',574.60,0.00,1,42,69,'2022-08-15 15:58:03','2022-08-15 15:58:03'),(54,5.00,'Ullam magni voluptatem unde.',5.90,0.00,1,48,45,'2022-08-15 15:58:03','2022-08-15 15:58:03'),(55,2.00,'Voluptas praesentium perferendis corrupti.',769.80,0.00,1,18,10,'2022-08-15 15:58:03','2022-08-15 15:58:03'),(56,1.00,'Sed ullam mollitia non.',80.20,0.00,1,43,63,'2022-08-15 15:58:03','2022-08-15 15:58:03'),(57,3.00,'Quis incidunt sunt.',920.70,0.00,1,45,71,'2022-08-15 15:58:03','2022-08-15 15:58:03'),(58,3.00,'Quam consequatur qui sint.',629.40,0.00,1,14,55,'2022-08-15 15:58:03','2022-08-15 15:58:03'),(59,1.00,'Quia illum dolorum accusantium aliquid.',928.30,0.00,1,47,48,'2022-08-15 15:58:03','2022-08-15 15:58:03'),(60,6.00,'Labore repellendus voluptate.',497.60,0.00,1,18,62,'2022-08-15 15:58:03','2022-08-15 15:58:03'),(61,4.00,'Quisquam ipsa et quam.',1.00,0.00,1,12,5,'2022-08-15 15:58:03','2022-08-15 15:58:03'),(62,4.00,'Animi est.',26.40,0.00,1,24,94,'2022-08-15 15:58:03','2022-08-15 15:58:03'),(63,1.00,'Soluta exercitationem qui.',906.40,0.00,1,32,18,'2022-08-15 15:58:03','2022-08-15 15:58:03'),(64,6.00,'Ut facilis nam.',319.00,0.00,1,47,82,'2022-08-15 15:58:03','2022-08-15 15:58:03'),(65,3.00,'Eveniet placeat aut.',5.80,0.00,1,39,1,'2022-08-15 15:58:03','2022-08-15 15:58:03'),(66,2.00,'Praesentium autem voluptatem id.',256.70,0.00,1,3,9,'2022-08-15 15:58:03','2022-08-15 15:58:03'),(67,4.00,'Sit et dignissimos harum.',956.40,0.00,1,22,76,'2022-08-15 15:58:03','2022-08-15 15:58:03'),(68,3.00,'Commodi odit id culpa nemo.',562.20,0.00,1,23,46,'2022-08-15 15:58:03','2022-08-15 15:58:03'),(69,2.00,'Architecto fuga repellat.',27.60,0.00,1,14,54,'2022-08-15 15:58:03','2022-08-15 15:58:03'),(70,3.00,'Unde fugit modi ipsum et.',154.70,0.00,1,50,68,'2022-08-15 15:58:03','2022-08-15 15:58:03'),(71,5.00,'Quidem vel omnis.',516.90,0.00,1,16,26,'2022-08-15 15:58:03','2022-08-15 15:58:03'),(72,6.00,'Maiores ipsam magnam harum.',368.00,0.00,1,4,96,'2022-08-15 15:58:03','2022-08-15 15:58:03'),(73,5.00,'Et a asperiores dolorum eveniet.',375.80,0.00,1,14,44,'2022-08-15 15:58:03','2022-08-15 15:58:03'),(74,2.00,'Exercitationem autem minima.',246.00,0.00,1,9,75,'2022-08-15 15:58:03','2022-08-15 15:58:03'),(75,5.00,'Illo aut nobis aut.',600.20,0.00,1,47,37,'2022-08-15 15:58:03','2022-08-15 15:58:03'),(76,2.00,'Enim et culpa tenetur.',975.50,0.00,1,30,86,'2022-08-15 15:58:03','2022-08-15 15:58:03'),(77,2.00,'Doloribus rerum occaecati ut.',620.30,0.00,1,11,64,'2022-08-15 15:58:03','2022-08-15 15:58:03'),(78,6.00,'Maiores ipsam magnam harum.',368.00,0.00,1,17,96,'2022-08-15 15:58:03','2022-08-15 15:58:03'),(79,4.00,'Facilis excepturi qui.',704.20,0.00,1,31,58,'2022-08-15 15:58:03','2022-08-15 15:58:03'),(80,5.00,'Suscipit iste vero.',847.80,0.00,1,32,38,'2022-08-15 15:58:03','2022-08-15 15:58:03'),(81,6.00,'Dolor voluptatem.',733.20,0.00,1,5,29,'2022-08-15 15:58:03','2022-08-15 15:58:03'),(82,1.00,'Incidunt excepturi omnis.',752.70,0.00,1,20,83,'2022-08-15 15:58:03','2022-08-15 15:58:03'),(83,2.00,'Omnis ea ipsam.',766.50,0.00,1,24,3,'2022-08-15 15:58:03','2022-08-15 15:58:03'),(84,4.00,'Placeat vel voluptas.',761.60,0.00,1,32,56,'2022-08-15 15:58:03','2022-08-15 15:58:03'),(85,2.00,'Suscipit iste vero.',847.80,0.00,1,34,38,'2022-08-15 15:58:03','2022-08-15 15:58:03'),(86,4.00,'Placeat qui aliquid.',911.70,0.00,1,20,23,'2022-08-15 15:58:03','2022-08-15 15:58:03'),(87,4.00,'Soluta alias et.',954.60,0.00,1,23,85,'2022-08-15 15:58:03','2022-08-15 15:58:03'),(88,1.00,'Placeat qui aliquid.',911.70,0.00,1,2,23,'2022-08-15 15:58:03','2022-08-15 15:58:03'),(89,3.00,'Earum accusamus sunt est.',336.70,0.00,1,16,35,'2022-08-15 15:58:03','2022-08-15 15:58:03'),(90,4.00,'Maiores sint consequatur.',178.00,0.00,1,1,65,'2022-08-15 15:58:03','2022-08-15 15:58:03'),(91,2.00,'Vero et eum necessitatibus.',877.50,0.00,1,39,8,'2022-08-15 15:58:03','2022-08-15 15:58:03'),(92,4.00,'Commodi odit id culpa nemo.',562.20,0.00,1,44,46,'2022-08-15 15:58:03','2022-08-15 15:58:03'),(93,3.00,'Ipsam aut qui commodi.',855.70,0.00,1,10,14,'2022-08-15 15:58:03','2022-08-15 15:58:03'),(94,3.00,'Soluta exercitationem qui.',906.40,0.00,1,24,18,'2022-08-15 15:58:03','2022-08-15 15:58:03'),(95,4.00,'Iste omnis sint distinctio.',875.40,0.00,1,11,7,'2022-08-15 15:58:03','2022-08-15 15:58:03'),(96,1.00,'Dolorem exercitationem illum et.',95.70,0.00,1,35,32,'2022-08-15 15:58:03','2022-08-15 15:58:03'),(97,5.00,'Et a asperiores dolorum eveniet.',375.80,0.00,1,47,44,'2022-08-15 15:58:03','2022-08-15 15:58:03'),(98,2.00,'Placeat qui aliquid.',911.70,0.00,1,6,23,'2022-08-15 15:58:03','2022-08-15 15:58:03'),(99,2.00,'Enim et culpa tenetur.',975.50,0.00,1,45,86,'2022-08-15 15:58:03','2022-08-15 15:58:03'),(100,4.00,'Placeat vel voluptas.',761.60,0.00,1,50,56,'2022-08-15 15:58:03','2022-08-15 15:58:03'),(101,3.00,'Ut odit laborum at.',97.10,0.00,1,48,28,'2022-08-15 15:58:03','2022-08-15 15:58:03'),(102,4.00,'Earum accusamus sunt est.',336.70,0.00,1,11,35,'2022-08-15 15:58:03','2022-08-15 15:58:03'),(103,2.00,'Id qui ipsam nemo.',610.40,0.00,1,2,27,'2022-08-15 15:58:03','2022-08-15 15:58:03'),(104,2.00,'Ullam eveniet nihil.',123.30,0.00,1,13,17,'2022-08-15 15:58:03','2022-08-15 15:58:03'),(105,2.00,'Aspernatur tempore cumque.',322.80,0.00,1,30,90,'2022-08-15 15:58:03','2022-08-15 15:58:03'),(106,1.00,'Asperiores aut.',439.90,0.00,1,24,49,'2022-08-15 15:58:03','2022-08-15 15:58:03'),(107,2.00,'Nisi consequatur saepe officia.',706.10,0.00,1,33,19,'2022-08-15 15:58:03','2022-08-15 15:58:03'),(108,4.00,'Enim et culpa tenetur.',975.50,0.00,1,31,86,'2022-08-15 15:58:03','2022-08-15 15:58:03'),(109,1.00,'Eos atque earum magnam.',760.70,0.00,1,7,47,'2022-08-15 15:58:03','2022-08-15 15:58:03'),(110,1.00,'Quia illum dolorum accusantium aliquid.',928.30,0.00,1,36,48,'2022-08-15 15:58:03','2022-08-15 15:58:03'),(111,1.00,'Nulla voluptas sed assumenda.',271.10,0.00,1,47,53,'2022-08-15 15:58:03','2022-08-15 15:58:03'),(112,4.00,'Placeat vel voluptas.',761.60,0.00,1,12,56,'2022-08-15 15:58:03','2022-08-15 15:58:03'),(113,1.00,'Repellat natus quis commodi sunt.',653.20,0.00,1,42,81,'2022-08-15 15:58:03','2022-08-15 15:58:03'),(114,2.00,'Alias ab dignissimos.',440.40,0.00,1,10,59,'2022-08-15 15:58:03','2022-08-15 15:58:03'),(115,5.00,'Assumenda vero dignissimos.',499.00,0.00,1,14,30,'2022-08-15 15:58:03','2022-08-15 15:58:03'),(116,5.00,'Quidem impedit assumenda sapiente quod.',844.70,0.00,1,14,22,'2022-08-15 15:58:03','2022-08-15 15:58:03'),(117,1.00,'Reiciendis libero delectus corrupti.',121.20,0.00,1,3,89,'2022-08-15 15:58:03','2022-08-15 15:58:03'),(118,4.00,'Assumenda vero dignissimos.',499.00,0.00,1,28,30,'2022-08-15 15:58:03','2022-08-15 15:58:03'),(119,5.00,'Magni vel quos.',767.60,0.00,1,22,43,'2022-08-15 15:58:03','2022-08-15 15:58:03'),(120,2.00,'Placeat qui aliquid.',911.70,0.00,1,20,23,'2022-08-15 15:58:03','2022-08-15 15:58:03'),(121,6.00,'Repudiandae tempora alias.',84.60,0.00,1,22,33,'2022-08-15 15:58:03','2022-08-15 15:58:03'),(122,6.00,'Maiores sint consequatur.',178.00,0.00,1,4,65,'2022-08-15 15:58:03','2022-08-15 15:58:03'),(123,5.00,'Error est.',574.60,0.00,1,50,69,'2022-08-15 15:58:03','2022-08-15 15:58:03'),(124,1.00,'Laborum minus perferendis facere.',792.10,0.00,1,38,99,'2022-08-15 15:58:03','2022-08-15 15:58:03'),(125,6.00,'Asperiores aut.',439.90,0.00,1,30,49,'2022-08-15 15:58:03','2022-08-15 15:58:03'),(126,1.00,'Error est.',574.60,0.00,1,20,69,'2022-08-15 15:58:03','2022-08-15 15:58:03'),(127,3.00,'Facilis excepturi qui.',704.20,0.00,1,41,58,'2022-08-15 15:58:03','2022-08-15 15:58:03'),(128,3.00,'Officiis dignissimos ea.',227.90,0.00,1,13,42,'2022-08-15 15:58:03','2022-08-15 15:58:03'),(129,6.00,'Ipsam aut qui commodi.',855.70,0.00,1,43,14,'2022-08-15 15:58:03','2022-08-15 15:58:03'),(130,4.00,'Assumenda vero dignissimos.',499.00,0.00,1,27,30,'2022-08-15 15:58:03','2022-08-15 15:58:03'),(131,4.00,'Voluptatem nihil veniam.',604.00,0.00,1,34,12,'2022-08-15 15:58:03','2022-08-15 15:58:03'),(132,5.00,'Vero et eum necessitatibus.',877.50,0.00,1,23,8,'2022-08-15 15:58:03','2022-08-15 15:58:03'),(133,1.00,'Omnis ea ipsam.',766.50,0.00,1,23,3,'2022-08-15 15:58:03','2022-08-15 15:58:03'),(134,6.00,'Nisi consequatur saepe officia.',706.10,0.00,1,39,19,'2022-08-15 15:58:03','2022-08-15 15:58:03'),(135,3.00,'Praesentium autem voluptatem id.',256.70,0.00,1,29,9,'2022-08-15 15:58:03','2022-08-15 15:58:03'),(136,2.00,'Sit et dignissimos harum.',956.40,0.00,1,42,76,'2022-08-15 15:58:03','2022-08-15 15:58:03'),(137,6.00,'Id qui ipsam nemo.',610.40,0.00,1,43,27,'2022-08-15 15:58:03','2022-08-15 15:58:03'),(138,5.00,'Asperiores aut.',439.90,0.00,1,25,49,'2022-08-15 15:58:03','2022-08-15 15:58:03'),(139,3.00,'Ipsam aut qui commodi.',855.70,0.00,1,31,14,'2022-08-15 15:58:03','2022-08-15 15:58:03'),(140,5.00,'Nemo est nostrum consectetur.',613.40,0.00,1,40,25,'2022-08-15 15:58:03','2022-08-15 15:58:03'),(141,2.00,'Quam consequatur qui sint.',629.40,0.00,1,28,55,'2022-08-15 15:58:03','2022-08-15 15:58:03'),(142,5.00,'Doloribus rerum occaecati ut.',620.30,0.00,1,24,64,'2022-08-15 15:58:03','2022-08-15 15:58:03'),(143,6.00,'Aspernatur tempore cumque.',322.80,0.00,1,23,90,'2022-08-15 15:58:03','2022-08-15 15:58:03'),(144,3.00,'Modi quis porro enim.',785.80,0.00,1,34,84,'2022-08-15 15:58:03','2022-08-15 15:58:03'),(145,6.00,'A iure.',249.10,0.00,1,29,98,'2022-08-15 15:58:03','2022-08-15 15:58:03'),(146,1.00,'Labore repellendus voluptate.',497.60,0.00,1,6,62,'2022-08-15 15:58:03','2022-08-15 15:58:03'),(147,2.00,'Est et omnis dolores neque.',959.20,0.00,1,42,40,'2022-08-15 15:58:03','2022-08-15 15:58:03'),(148,3.00,'Commodi odit id culpa nemo.',562.20,0.00,1,34,46,'2022-08-15 15:58:03','2022-08-15 15:58:03'),(149,6.00,'Suscipit iste vero.',847.80,0.00,1,19,38,'2022-08-15 15:58:03','2022-08-15 15:58:03'),(150,6.00,'Provident iure enim.',887.10,0.00,1,16,2,'2022-08-15 15:58:03','2022-08-15 15:58:03'),(151,1.00,'Deserunt ab.',671.30,0.00,1,47,95,'2022-08-15 15:58:03','2022-08-15 15:58:03'),(152,1.00,'Assumenda vero dignissimos.',499.00,0.00,1,33,30,'2022-08-15 15:58:03','2022-08-15 15:58:03'),(153,6.00,'Illo aut nobis aut.',600.20,0.00,1,48,37,'2022-08-15 15:58:03','2022-08-15 15:58:03'),(154,5.00,'Magni vel quos.',767.60,0.00,1,23,43,'2022-08-15 15:58:03','2022-08-15 15:58:03'),(155,3.00,'Ipsam aut qui commodi.',855.70,0.00,1,44,14,'2022-08-15 15:58:03','2022-08-15 15:58:03'),(156,4.00,'Eveniet placeat aut.',5.80,0.00,1,48,1,'2022-08-15 15:58:03','2022-08-15 15:58:03'),(157,3.00,'Repellat natus quis commodi sunt.',653.20,0.00,1,31,81,'2022-08-15 15:58:03','2022-08-15 15:58:03'),(158,5.00,'Itaque magni consequatur.',678.70,0.00,1,38,52,'2022-08-15 15:58:03','2022-08-15 15:58:03'),(159,4.00,'Officiis dignissimos ea.',227.90,0.00,1,42,42,'2022-08-15 15:58:03','2022-08-15 15:58:03'),(160,6.00,'Consequatur rerum et rerum.',336.90,0.00,1,42,79,'2022-08-15 15:58:03','2022-08-15 15:58:03'),(161,4.00,'Accusamus explicabo blanditiis.',844.50,0.00,1,18,91,'2022-08-15 15:58:03','2022-08-15 15:58:03'),(162,3.00,'Facilis excepturi qui.',704.20,0.00,1,7,58,'2022-08-15 15:58:03','2022-08-15 15:58:03'),(163,5.00,'Facilis perferendis maxime ut.',672.40,0.00,1,17,66,'2022-08-15 15:58:03','2022-08-15 15:58:03'),(164,5.00,'Est et omnis dolores neque.',959.20,0.00,1,4,40,'2022-08-15 15:58:03','2022-08-15 15:58:03'),(165,6.00,'Optio enim quo.',392.60,0.00,1,2,13,'2022-08-15 15:58:03','2022-08-15 15:58:03'),(166,2.00,'Ipsam aut qui commodi.',855.70,0.00,1,49,14,'2022-08-15 15:58:03','2022-08-15 15:58:03'),(167,5.00,'Velit sapiente nam.',233.70,0.00,1,50,67,'2022-08-15 15:58:03','2022-08-15 15:58:03'),(168,5.00,'Consequatur rerum et rerum.',336.90,0.00,1,14,79,'2022-08-15 15:58:03','2022-08-15 15:58:03'),(169,2.00,'Alias ab dignissimos.',440.40,0.00,1,22,59,'2022-08-15 15:58:03','2022-08-15 15:58:03'),(170,6.00,'Tenetur aut mollitia.',141.80,0.00,1,3,88,'2022-08-15 15:58:03','2022-08-15 15:58:03'),(171,2.00,'Dignissimos magnam debitis ut maxime.',297.90,0.00,1,47,93,'2022-08-15 15:58:03','2022-08-15 15:58:03'),(172,5.00,'Natus ipsum quod.',935.70,0.00,1,2,74,'2022-08-15 15:58:03','2022-08-15 15:58:03'),(173,5.00,'Tempore fugit quo sapiente.',61.30,0.00,1,50,73,'2022-08-15 15:58:03','2022-08-15 15:58:03'),(174,5.00,'Distinctio ut fuga.',984.40,0.00,1,50,21,'2022-08-15 15:58:03','2022-08-15 15:58:03'),(175,5.00,'Laudantium ut consequatur.',722.50,0.00,1,16,92,'2022-08-15 15:58:03','2022-08-15 15:58:03'),(176,3.00,'Soluta alias et.',954.60,0.00,1,50,85,'2022-08-15 15:58:03','2022-08-15 15:58:03'),(177,5.00,'Voluptate quos in.',266.10,0.00,1,33,50,'2022-08-15 15:58:03','2022-08-15 15:58:03'),(178,4.00,'Optio enim quo.',392.60,0.00,1,7,13,'2022-08-15 15:58:03','2022-08-15 15:58:03'),(179,1.00,'Soluta alias et.',954.60,0.00,1,11,85,'2022-08-15 15:58:03','2022-08-15 15:58:03'),(180,3.00,'Quam consequatur qui sint.',629.40,0.00,1,39,55,'2022-08-15 15:58:03','2022-08-15 15:58:03'),(181,2.00,'Nam voluptas nemo.',428.30,0.00,1,31,70,'2022-08-15 15:58:03','2022-08-15 15:58:03'),(182,3.00,'Reiciendis libero delectus corrupti.',121.20,0.00,1,42,89,'2022-08-15 15:58:03','2022-08-15 15:58:03'),(183,2.00,'Animi culpa et.',951.70,0.00,1,28,57,'2022-08-15 15:58:03','2022-08-15 15:58:03'),(184,3.00,'Optio quibusdam autem.',862.20,0.00,1,12,51,'2022-08-15 15:58:03','2022-08-15 15:58:03'),(185,4.00,'Incidunt excepturi omnis.',752.70,0.00,1,32,83,'2022-08-15 15:58:03','2022-08-15 15:58:03'),(186,3.00,'Dolorem exercitationem illum et.',95.70,0.00,1,49,32,'2022-08-15 15:58:03','2022-08-15 15:58:03'),(187,3.00,'Officiis dignissimos ea.',227.90,0.00,1,31,42,'2022-08-15 15:58:03','2022-08-15 15:58:03'),(188,1.00,'Tempore fugit quo sapiente.',61.30,0.00,1,32,73,'2022-08-15 15:58:03','2022-08-15 15:58:03'),(189,1.00,'Incidunt excepturi omnis.',752.70,0.00,1,18,83,'2022-08-15 15:58:03','2022-08-15 15:58:03'),(190,3.00,'Facilis perferendis maxime ut.',672.40,0.00,1,31,66,'2022-08-15 15:58:03','2022-08-15 15:58:03'),(191,2.00,'Dolor voluptatem.',733.20,0.00,1,41,29,'2022-08-15 15:58:03','2022-08-15 15:58:03'),(192,5.00,'Modi quis porro enim.',785.80,0.00,1,40,84,'2022-08-15 15:58:03','2022-08-15 15:58:03'),(193,2.00,'Consequatur rerum et rerum.',336.90,0.00,1,49,79,'2022-08-15 15:58:03','2022-08-15 15:58:03'),(194,5.00,'Itaque perferendis veniam.',523.30,0.00,1,23,61,'2022-08-15 15:58:03','2022-08-15 15:58:03'),(195,1.00,'Dolor voluptatem.',733.20,0.00,1,22,29,'2022-08-15 15:58:03','2022-08-15 15:58:03'),(196,3.00,'Velit sapiente nam.',233.70,0.00,1,40,67,'2022-08-15 15:58:03','2022-08-15 15:58:03'),(197,3.00,'Alias ab dignissimos.',440.40,0.00,1,26,59,'2022-08-15 15:58:03','2022-08-15 15:58:03'),(198,1.00,'Ipsum odio nisi aut.',48.80,0.00,1,4,6,'2022-08-15 15:58:03','2022-08-15 15:58:03'),(199,6.00,'Modi quis porro enim.',785.80,0.00,1,35,84,'2022-08-15 15:58:03','2022-08-15 15:58:03'),(200,2.00,'Illo aut nobis aut.',600.20,0.00,1,49,37,'2022-08-15 15:58:03','2022-08-15 15:58:03'),(201,5.00,'Facilis perferendis maxime ut.',672.40,0.00,1,24,66,'2022-08-15 15:58:03','2022-08-15 15:58:03'),(202,6.00,'Repudiandae tempora alias.',84.60,0.00,1,9,33,'2022-08-15 15:58:03','2022-08-15 15:58:03'),(203,3.00,'Commodi odit id culpa nemo.',562.20,0.00,1,2,46,'2022-08-15 15:58:03','2022-08-15 15:58:03'),(204,5.00,'Magni vel quos.',767.60,0.00,1,25,43,'2022-08-15 15:58:03','2022-08-15 15:58:03'),(205,3.00,'Facilis perferendis maxime ut.',672.40,0.00,1,37,66,'2022-08-15 15:58:03','2022-08-15 15:58:03'),(206,3.00,'Ullam eveniet nihil.',123.30,0.00,1,39,17,'2022-08-15 15:58:03','2022-08-15 15:58:03'),(207,5.00,'Dignissimos magnam debitis ut maxime.',297.90,0.00,1,43,93,'2022-08-15 15:58:03','2022-08-15 15:58:03'),(208,1.00,'In ipsum quam dolorem ut.',499.20,0.00,1,28,36,'2022-08-15 15:58:03','2022-08-15 15:58:03'),(209,4.00,'Placeat qui aliquid.',911.70,0.00,1,26,23,'2022-08-15 15:58:03','2022-08-15 15:58:03'),(210,4.00,'Quidem impedit assumenda sapiente quod.',844.70,0.00,1,19,22,'2022-08-15 15:58:03','2022-08-15 15:58:03'),(211,2.00,'Voluptate quos in.',266.10,0.00,1,39,50,'2022-08-15 15:58:03','2022-08-15 15:58:03'),(212,1.00,'Tempore fugit quo sapiente.',61.30,0.00,1,13,73,'2022-08-15 15:58:03','2022-08-15 15:58:03'),(213,6.00,'Eum cumque tempora perferendis numquam.',496.90,0.00,1,40,97,'2022-08-15 15:58:03','2022-08-15 15:58:03'),(214,4.00,'Praesentium autem voluptatem id.',256.70,0.00,1,4,9,'2022-08-15 15:58:03','2022-08-15 15:58:03'),(215,5.00,'Dolorem cupiditate aut molestiae.',66.50,0.00,1,5,34,'2022-08-15 15:58:03','2022-08-15 15:58:03'),(216,4.00,'Placeat vel voluptas.',761.60,0.00,1,48,56,'2022-08-15 15:58:03','2022-08-15 15:58:03'),(217,5.00,'Ut odit laborum at.',97.10,0.00,1,34,28,'2022-08-15 15:58:03','2022-08-15 15:58:03'),(218,6.00,'Ut facilis nam.',319.00,0.00,1,29,82,'2022-08-15 15:58:03','2022-08-15 15:58:03'),(219,6.00,'Earum accusamus sunt est.',336.70,0.00,1,20,35,'2022-08-15 15:58:03','2022-08-15 15:58:03'),(220,3.00,'Eos atque earum magnam.',760.70,0.00,1,6,47,'2022-08-15 15:58:03','2022-08-15 15:58:03'),(221,3.00,'Dignissimos magnam debitis ut maxime.',297.90,0.00,1,13,93,'2022-08-15 15:58:03','2022-08-15 15:58:03'),(222,4.00,'Asperiores aut.',439.90,0.00,1,4,49,'2022-08-15 15:58:03','2022-08-15 15:58:03'),(223,4.00,'Nisi consequatur saepe officia.',706.10,0.00,1,40,19,'2022-08-15 15:58:03','2022-08-15 15:58:03'),(224,1.00,'Earum accusamus sunt est.',336.70,0.00,1,13,35,'2022-08-15 15:58:03','2022-08-15 15:58:03'),(225,2.00,'Animi est.',26.40,0.00,1,25,94,'2022-08-15 15:58:03','2022-08-15 15:58:03'),(226,1.00,'Tenetur aut mollitia.',141.80,0.00,1,25,88,'2022-08-15 15:58:03','2022-08-15 15:58:03'),(227,5.00,'Iste omnis sint distinctio.',875.40,0.00,1,39,7,'2022-08-15 15:58:03','2022-08-15 15:58:03'),(228,4.00,'Reiciendis libero delectus corrupti.',121.20,0.00,1,31,89,'2022-08-15 15:58:03','2022-08-15 15:58:03'),(229,2.00,'Dolor omnis aut corrupti.',473.90,0.00,1,48,100,'2022-08-15 15:58:03','2022-08-15 15:58:03'),(230,4.00,'Itaque magni consequatur.',678.70,0.00,1,21,52,'2022-08-15 15:58:03','2022-08-15 15:58:03'),(231,6.00,'Ullam magni voluptatem unde.',5.90,0.00,1,29,45,'2022-08-15 15:58:03','2022-08-15 15:58:03'),(232,6.00,'Natus ipsum quod.',935.70,0.00,1,49,74,'2022-08-15 15:58:03','2022-08-15 15:58:03'),(233,5.00,'Tempore fugit quo sapiente.',61.30,0.00,1,40,73,'2022-08-15 15:58:03','2022-08-15 15:58:03'),(234,6.00,'Nisi consequatur saepe officia.',706.10,0.00,1,29,19,'2022-08-15 15:58:03','2022-08-15 15:58:03'),(235,1.00,'Exercitationem autem minima.',246.00,0.00,1,8,75,'2022-08-15 15:58:03','2022-08-15 15:58:03'),(236,1.00,'Sed ullam mollitia non.',80.20,0.00,1,35,63,'2022-08-15 15:58:03','2022-08-15 15:58:03'),(237,4.00,'Commodi odit id culpa nemo.',562.20,0.00,1,44,46,'2022-08-15 15:58:03','2022-08-15 15:58:03'),(238,1.00,'Quisquam ipsa et quam.',1.00,0.00,1,44,5,'2022-08-15 15:58:03','2022-08-15 15:58:03'),(239,5.00,'Vel esse.',443.90,0.00,1,38,15,'2022-08-15 15:58:03','2022-08-15 15:58:03'),(240,1.00,'Reiciendis libero delectus corrupti.',121.20,0.00,1,10,89,'2022-08-15 15:58:03','2022-08-15 15:58:03'),(241,1.00,'Repudiandae tempora alias.',84.60,0.00,1,38,33,'2022-08-15 15:58:03','2022-08-15 15:58:03'),(242,3.00,'Dignissimos magnam debitis ut maxime.',297.90,0.00,1,27,93,'2022-08-15 15:58:03','2022-08-15 15:58:03'),(243,3.00,'Aspernatur tempore cumque.',322.80,0.00,1,3,90,'2022-08-15 15:58:03','2022-08-15 15:58:03'),(244,2.00,'Quidem impedit assumenda sapiente quod.',844.70,0.00,1,37,22,'2022-08-15 15:58:03','2022-08-15 15:58:03'),(245,4.00,'Placeat vel voluptas.',761.60,0.00,1,36,56,'2022-08-15 15:58:03','2022-08-15 15:58:03'),(246,5.00,'Et a asperiores dolorum eveniet.',375.80,0.00,1,30,44,'2022-08-15 15:58:03','2022-08-15 15:58:03'),(247,4.00,'Maiores ipsam magnam harum.',368.00,0.00,1,34,96,'2022-08-15 15:58:03','2022-08-15 15:58:03'),(248,5.00,'Ut facilis nam.',319.00,0.00,1,26,82,'2022-08-15 15:58:03','2022-08-15 15:58:03'),(249,2.00,'Ut facilis nam.',319.00,0.00,1,4,82,'2022-08-15 15:58:03','2022-08-15 15:58:03'),(250,4.00,'Enim et culpa tenetur.',975.50,0.00,1,50,86,'2022-08-15 15:58:03','2022-08-15 15:58:03'),(251,4.00,'Id qui ipsam nemo.',610.40,0.00,1,44,27,'2022-08-15 15:58:03','2022-08-15 15:58:03'),(252,2.00,'Itaque magni consequatur.',678.70,0.00,1,1,52,'2022-08-15 15:58:03','2022-08-15 15:58:03'),(253,6.00,'Neque aut ipsam.',585.50,0.00,1,24,77,'2022-08-15 15:58:03','2022-08-15 15:58:03'),(254,4.00,'Optio quibusdam autem.',862.20,0.00,1,36,51,'2022-08-15 15:58:03','2022-08-15 15:58:03'),(255,3.00,'Nulla voluptas sed assumenda.',271.10,0.00,1,19,53,'2022-08-15 15:58:03','2022-08-15 15:58:03'),(256,1.00,'Quia illum dolorum accusantium aliquid.',928.30,0.00,1,5,48,'2022-08-15 15:58:03','2022-08-15 15:58:03'),(257,6.00,'Laudantium ut consequatur.',722.50,0.00,1,19,92,'2022-08-15 15:58:03','2022-08-15 15:58:03'),(258,2.00,'Laudantium ut consequatur.',722.50,0.00,1,12,92,'2022-08-15 15:58:03','2022-08-15 15:58:03'),(259,4.00,'Alias ab dignissimos.',440.40,0.00,1,11,59,'2022-08-15 15:58:03','2022-08-15 15:58:03'),(260,1.00,'Quia illum dolorum accusantium aliquid.',928.30,0.00,1,24,48,'2022-08-15 15:58:03','2022-08-15 15:58:03'),(261,2.00,'Eos atque earum magnam.',760.70,0.00,1,2,47,'2022-08-15 15:58:03','2022-08-15 15:58:03'),(262,3.00,'Quia illum dolorum accusantium aliquid.',928.30,0.00,1,43,48,'2022-08-15 15:58:03','2022-08-15 15:58:03'),(263,4.00,'Officiis dignissimos ea.',227.90,0.00,1,29,42,'2022-08-15 15:58:03','2022-08-15 15:58:03'),(264,5.00,'A iure.',249.10,0.00,1,28,98,'2022-08-15 15:58:03','2022-08-15 15:58:03'),(265,5.00,'Vero et eum necessitatibus.',877.50,0.00,1,50,8,'2022-08-15 15:58:03','2022-08-15 15:58:03'),(266,1.00,'Natus ipsum quod.',935.70,0.00,1,5,74,'2022-08-15 15:58:03','2022-08-15 15:58:03'),(267,5.00,'Consequatur rerum et rerum.',336.90,0.00,1,14,79,'2022-08-15 15:58:03','2022-08-15 15:58:03'),(268,3.00,'Laudantium ut consequatur.',722.50,0.00,1,34,92,'2022-08-15 15:58:03','2022-08-15 15:58:03'),(269,5.00,'Qui impedit quidem aliquid dolorem.',644.30,0.00,1,4,31,'2022-08-15 15:58:03','2022-08-15 15:58:03'),(270,2.00,'Illo aut nobis aut.',600.20,0.00,1,23,37,'2022-08-15 15:58:03','2022-08-15 15:58:03'),(271,1.00,'Placeat vel voluptas.',761.60,0.00,1,17,56,'2022-08-15 15:58:03','2022-08-15 15:58:03'),(272,3.00,'Ullam eveniet nihil.',123.30,0.00,1,21,17,'2022-08-15 15:58:03','2022-08-15 15:58:03'),(273,6.00,'Aspernatur tempore cumque.',322.80,0.00,1,1,90,'2022-08-15 15:58:03','2022-08-15 15:58:03'),(274,2.00,'Vel esse.',443.90,0.00,1,12,15,'2022-08-15 15:58:03','2022-08-15 15:58:03'),(275,1.00,'Doloribus rerum occaecati ut.',620.30,0.00,1,36,64,'2022-08-15 15:58:03','2022-08-15 15:58:03'),(276,5.00,'Repellat natus quis commodi sunt.',653.20,0.00,1,13,81,'2022-08-15 15:58:03','2022-08-15 15:58:03'),(277,5.00,'Optio quibusdam autem.',862.20,0.00,1,15,51,'2022-08-15 15:58:03','2022-08-15 15:58:03'),(278,2.00,'Labore repellendus voluptate.',497.60,0.00,1,14,62,'2022-08-15 15:58:03','2022-08-15 15:58:03'),(279,1.00,'Officiis dignissimos ea.',227.90,0.00,1,24,42,'2022-08-15 15:58:03','2022-08-15 15:58:03'),(280,3.00,'Consequatur rerum et rerum.',336.90,0.00,1,26,79,'2022-08-15 15:58:03','2022-08-15 15:58:03'),(281,3.00,'Natus ipsum quod.',935.70,0.00,1,4,74,'2022-08-15 15:58:03','2022-08-15 15:58:03'),(282,3.00,'Optio enim quo.',392.60,0.00,1,40,13,'2022-08-15 15:58:03','2022-08-15 15:58:03'),(283,1.00,'Itaque magni consequatur.',678.70,0.00,1,44,52,'2022-08-15 15:58:03','2022-08-15 15:58:03'),(284,1.00,'Facilis excepturi qui.',704.20,0.00,1,11,58,'2022-08-15 15:58:03','2022-08-15 15:58:03'),(285,6.00,'Dolor omnis aut corrupti.',473.90,0.00,1,36,100,'2022-08-15 15:58:03','2022-08-15 15:58:03'),(286,6.00,'Et a asperiores dolorum eveniet.',375.80,0.00,1,3,44,'2022-08-15 15:58:03','2022-08-15 15:58:03'),(287,5.00,'Voluptas et dolorem quia.',798.20,0.00,1,49,4,'2022-08-15 15:58:03','2022-08-15 15:58:03'),(288,1.00,'Maiores ipsam magnam harum.',368.00,0.00,1,17,96,'2022-08-15 15:58:03','2022-08-15 15:58:03'),(289,1.00,'Officiis dignissimos ea.',227.90,0.00,1,36,42,'2022-08-15 15:58:03','2022-08-15 15:58:03'),(290,1.00,'Optio enim quo.',392.60,0.00,1,18,13,'2022-08-15 15:58:03','2022-08-15 15:58:03'),(291,5.00,'Doloribus rerum occaecati ut.',620.30,0.00,1,7,64,'2022-08-15 15:58:03','2022-08-15 15:58:03'),(292,5.00,'Et quaerat voluptatem.',966.10,0.00,1,47,20,'2022-08-15 15:58:03','2022-08-15 15:58:03'),(293,3.00,'Quidem impedit assumenda sapiente quod.',844.70,0.00,1,9,22,'2022-08-15 15:58:03','2022-08-15 15:58:03'),(294,6.00,'Earum accusamus sunt est.',336.70,0.00,1,39,35,'2022-08-15 15:58:03','2022-08-15 15:58:03'),(295,3.00,'Ipsum odio nisi aut.',48.80,0.00,1,22,6,'2022-08-15 15:58:03','2022-08-15 15:58:03'),(296,1.00,'Aliquam voluptatem est nesciunt.',503.30,0.00,1,25,87,'2022-08-15 15:58:03','2022-08-15 15:58:03'),(297,6.00,'Dolor omnis aut corrupti.',473.90,0.00,1,20,100,'2022-08-15 15:58:03','2022-08-15 15:58:03'),(298,3.00,'Omnis ea ipsam.',766.50,0.00,1,1,3,'2022-08-15 15:58:03','2022-08-15 15:58:03'),(299,1.00,'Laudantium ut consequatur.',722.50,0.00,1,8,92,'2022-08-15 15:58:03','2022-08-15 15:58:03'),(300,1.00,'Id qui ipsam nemo.',610.40,0.00,1,6,27,'2022-08-15 15:58:03','2022-08-15 15:58:03'),(301,2.00,'Officiis dignissimos ea.',227.90,0.00,1,38,42,'2022-08-15 15:58:03','2022-08-15 15:58:03'),(302,5.00,'Itaque perferendis veniam.',523.30,0.00,1,41,61,'2022-08-15 15:58:03','2022-08-15 15:58:03'),(303,1.00,'Est et omnis dolores neque.',959.20,0.00,1,24,40,'2022-08-15 15:58:03','2022-08-15 15:58:03'),(304,3.00,'Voluptas praesentium perferendis corrupti.',769.80,0.00,1,28,10,'2022-08-15 15:58:03','2022-08-15 15:58:03'),(305,3.00,'Quidem impedit assumenda sapiente quod.',844.70,0.00,1,24,22,'2022-08-15 15:58:03','2022-08-15 15:58:03'),(306,5.00,'Iste omnis sint distinctio.',875.40,0.00,1,2,7,'2022-08-15 15:58:03','2022-08-15 15:58:03'),(307,4.00,'Incidunt excepturi omnis.',752.70,0.00,1,46,83,'2022-08-15 15:58:03','2022-08-15 15:58:03'),(308,1.00,'Exercitationem autem minima.',246.00,0.00,1,37,75,'2022-08-15 15:58:03','2022-08-15 15:58:03'),(309,5.00,'Itaque perferendis veniam.',523.30,0.00,1,20,61,'2022-08-15 15:58:03','2022-08-15 15:58:03'),(310,3.00,'Itaque magni consequatur.',678.70,0.00,1,18,52,'2022-08-15 15:58:03','2022-08-15 15:58:03'),(311,4.00,'Ipsam aut qui commodi.',855.70,0.00,1,23,14,'2022-08-15 15:58:03','2022-08-15 15:58:03'),(312,5.00,'Ut odit laborum at.',97.10,0.00,1,45,28,'2022-08-15 15:58:03','2022-08-15 15:58:03'),(313,2.00,'Aut soluta tempore.',734.70,0.00,1,14,41,'2022-08-15 15:58:03','2022-08-15 15:58:03'),(314,1.00,'Maxime architecto ullam.',51.60,0.00,1,30,72,'2022-08-15 15:58:03','2022-08-15 15:58:03'),(315,3.00,'Asperiores aut.',439.90,0.00,1,8,49,'2022-08-15 15:58:03','2022-08-15 15:58:03'),(316,6.00,'Eveniet dolores atque.',799.30,0.00,1,9,24,'2022-08-15 15:58:03','2022-08-15 15:58:03'),(317,2.00,'Tempore fugit quo sapiente.',61.30,0.00,1,5,73,'2022-08-15 15:58:03','2022-08-15 15:58:03'),(318,6.00,'Enim et culpa tenetur.',975.50,0.00,1,22,86,'2022-08-15 15:58:03','2022-08-15 15:58:03'),(319,6.00,'Quia illum dolorum accusantium aliquid.',928.30,0.00,1,22,48,'2022-08-15 15:58:03','2022-08-15 15:58:03'),(320,2.00,'Consequatur rerum et rerum.',336.90,0.00,1,35,79,'2022-08-15 15:58:03','2022-08-15 15:58:03'),(321,2.00,'Enim et culpa tenetur.',975.50,0.00,1,34,86,'2022-08-15 15:58:03','2022-08-15 15:58:03'),(322,2.00,'Placeat vel voluptas.',761.60,0.00,1,47,56,'2022-08-15 15:58:03','2022-08-15 15:58:03'),(323,4.00,'Ullam eveniet nihil.',123.30,0.00,1,35,17,'2022-08-15 15:58:03','2022-08-15 15:58:03'),(324,3.00,'Repellat natus quis commodi sunt.',653.20,0.00,1,43,81,'2022-08-15 15:58:03','2022-08-15 15:58:03'),(325,5.00,'Commodi odit id culpa nemo.',562.20,0.00,1,40,46,'2022-08-15 15:58:03','2022-08-15 15:58:03'),(326,5.00,'A iure.',249.10,0.00,1,47,98,'2022-08-15 15:58:03','2022-08-15 15:58:03'),(327,1.00,'Et a asperiores dolorum eveniet.',375.80,0.00,1,3,44,'2022-08-15 15:58:03','2022-08-15 15:58:03'),(328,5.00,'Eveniet dolores atque.',799.30,0.00,1,48,24,'2022-08-15 15:58:03','2022-08-15 15:58:03'),(329,1.00,'Voluptatem nihil veniam.',604.00,0.00,1,15,12,'2022-08-15 15:58:03','2022-08-15 15:58:03'),(330,5.00,'Illo aut nobis aut.',600.20,0.00,1,2,37,'2022-08-15 15:58:03','2022-08-15 15:58:03'),(331,3.00,'Facilis excepturi qui.',704.20,0.00,1,14,58,'2022-08-15 15:58:03','2022-08-15 15:58:03'),(332,4.00,'Distinctio ut fuga.',984.40,0.00,1,38,21,'2022-08-15 15:58:03','2022-08-15 15:58:03'),(333,1.00,'Voluptas et dolorem quia.',798.20,0.00,1,14,4,'2022-08-15 15:58:03','2022-08-15 15:58:03'),(334,2.00,'Et a asperiores dolorum eveniet.',375.80,0.00,1,28,44,'2022-08-15 15:58:03','2022-08-15 15:58:03'),(335,4.00,'Optio quibusdam autem.',862.20,0.00,1,36,51,'2022-08-15 15:58:03','2022-08-15 15:58:03'),(336,2.00,'Velit sapiente nam.',233.70,0.00,1,25,67,'2022-08-15 15:58:03','2022-08-15 15:58:03'),(337,4.00,'Maiores ipsam magnam harum.',368.00,0.00,1,14,96,'2022-08-15 15:58:03','2022-08-15 15:58:03'),(338,1.00,'Repellat natus quis commodi sunt.',653.20,0.00,1,8,81,'2022-08-15 15:58:03','2022-08-15 15:58:03'),(339,3.00,'Ullam eveniet nihil.',123.30,0.00,1,44,17,'2022-08-15 15:58:03','2022-08-15 15:58:03'),(340,3.00,'Et quaerat voluptatem.',966.10,0.00,1,18,20,'2022-08-15 15:58:03','2022-08-15 15:58:03'),(341,5.00,'Illo consectetur sit.',692.40,0.00,1,34,80,'2022-08-15 15:58:03','2022-08-15 15:58:03'),(342,4.00,'Qui impedit quidem aliquid dolorem.',644.30,0.00,1,21,31,'2022-08-15 15:58:03','2022-08-15 15:58:03'),(343,5.00,'Quam consequatur qui sint.',629.40,0.00,1,40,55,'2022-08-15 15:58:03','2022-08-15 15:58:03'),(344,2.00,'Modi quis porro enim.',785.80,0.00,1,4,84,'2022-08-15 15:58:03','2022-08-15 15:58:03'),(345,1.00,'Ullam magni voluptatem unde.',5.90,0.00,1,38,45,'2022-08-15 15:58:03','2022-08-15 15:58:03'),(346,5.00,'Magni vel quos.',767.60,0.00,1,36,43,'2022-08-15 15:58:03','2022-08-15 15:58:03'),(347,4.00,'Distinctio ut fuga.',984.40,0.00,1,45,21,'2022-08-15 15:58:03','2022-08-15 15:58:03'),(348,2.00,'Maiores ipsam magnam harum.',368.00,0.00,1,28,96,'2022-08-15 15:58:03','2022-08-15 15:58:03'),(349,6.00,'Quidem impedit assumenda sapiente quod.',844.70,0.00,1,43,22,'2022-08-15 15:58:03','2022-08-15 15:58:03'),(350,2.00,'Eveniet dolores atque.',799.30,0.00,1,24,24,'2022-08-15 15:58:03','2022-08-15 15:58:03'),(351,5.00,'Suscipit iste vero.',847.80,0.00,1,31,38,'2022-08-15 15:58:03','2022-08-15 15:58:03'),(352,2.00,'Placeat qui aliquid.',911.70,0.00,1,50,23,'2022-08-15 15:58:03','2022-08-15 15:58:03'),(353,4.00,'Assumenda vero dignissimos.',499.00,0.00,1,14,30,'2022-08-15 15:58:03','2022-08-15 15:58:03'),(354,4.00,'Suscipit iste vero.',847.80,0.00,1,7,38,'2022-08-15 15:58:03','2022-08-15 15:58:03'),(355,6.00,'Illo quo nulla.',381.70,0.00,1,48,11,'2022-08-15 15:58:03','2022-08-15 15:58:03'),(356,2.00,'Asperiores aut.',439.90,0.00,1,2,49,'2022-08-15 15:58:03','2022-08-15 15:58:03'),(357,3.00,'Nulla voluptas sed assumenda.',271.10,0.00,1,29,53,'2022-08-15 15:58:03','2022-08-15 15:58:03'),(358,3.00,'Ullam eveniet nihil.',123.30,0.00,1,44,17,'2022-08-15 15:58:03','2022-08-15 15:58:03'),(359,4.00,'Soluta exercitationem qui.',906.40,0.00,1,25,18,'2022-08-15 15:58:03','2022-08-15 15:58:03'),(360,1.00,'Eveniet placeat aut.',5.80,0.00,1,9,1,'2022-08-15 15:58:03','2022-08-15 15:58:03'),(361,2.00,'Illo aut nobis aut.',600.20,0.00,1,27,37,'2022-08-15 15:58:03','2022-08-15 15:58:03'),(362,3.00,'Soluta alias et.',954.60,0.00,1,40,85,'2022-08-15 15:58:03','2022-08-15 15:58:03'),(363,3.00,'Et quaerat voluptatem.',966.10,0.00,1,8,20,'2022-08-15 15:58:03','2022-08-15 15:58:03'),(364,1.00,'Praesentium autem voluptatem id.',256.70,0.00,1,17,9,'2022-08-15 15:58:03','2022-08-15 15:58:03'),(365,2.00,'Officiis laboriosam.',254.70,0.00,1,37,78,'2022-08-15 15:58:03','2022-08-15 15:58:03'),(366,2.00,'Illo quo nulla.',381.70,0.00,1,47,11,'2022-08-15 15:58:03','2022-08-15 15:58:03'),(367,3.00,'Quidem impedit assumenda sapiente quod.',844.70,0.00,1,43,22,'2022-08-15 15:58:03','2022-08-15 15:58:03'),(368,6.00,'Praesentium autem voluptatem id.',256.70,0.00,1,41,9,'2022-08-15 15:58:03','2022-08-15 15:58:03'),(369,3.00,'Ut odit laborum at.',97.10,0.00,1,9,28,'2022-08-15 15:58:03','2022-08-15 15:58:03'),(370,5.00,'Magni vel quos.',767.60,0.00,1,2,43,'2022-08-15 15:58:03','2022-08-15 15:58:03'),(371,1.00,'Assumenda vero dignissimos.',499.00,0.00,1,48,30,'2022-08-15 15:58:03','2022-08-15 15:58:03'),(372,1.00,'Facilis perferendis maxime ut.',672.40,0.00,1,7,66,'2022-08-15 15:58:03','2022-08-15 15:58:03'),(373,3.00,'Nemo est nostrum consectetur.',613.40,0.00,1,2,25,'2022-08-15 15:58:03','2022-08-15 15:58:03'),(374,6.00,'Ipsam aut qui commodi.',855.70,0.00,1,44,14,'2022-08-15 15:58:03','2022-08-15 15:58:03'),(375,2.00,'Repudiandae tempora alias.',84.60,0.00,1,44,33,'2022-08-15 15:58:03','2022-08-15 15:58:03'),(376,4.00,'Dolorem exercitationem illum et.',95.70,0.00,1,7,32,'2022-08-15 15:58:03','2022-08-15 15:58:03'),(377,4.00,'Nisi consequatur saepe officia.',706.10,0.00,1,19,19,'2022-08-15 15:58:03','2022-08-15 15:58:03'),(378,2.00,'Voluptas et dolorem quia.',798.20,0.00,1,30,4,'2022-08-15 15:58:03','2022-08-15 15:58:03'),(379,5.00,'Dignissimos magnam debitis ut maxime.',297.90,0.00,1,31,93,'2022-08-15 15:58:03','2022-08-15 15:58:03'),(380,1.00,'Vero et eum necessitatibus.',877.50,0.00,1,19,8,'2022-08-15 15:58:03','2022-08-15 15:58:03'),(381,3.00,'Repudiandae tempora alias.',84.60,0.00,1,23,33,'2022-08-15 15:58:04','2022-08-15 15:58:04'),(382,6.00,'Suscipit iste vero.',847.80,0.00,1,12,38,'2022-08-15 15:58:04','2022-08-15 15:58:04'),(383,2.00,'Magni vel quos.',767.60,0.00,1,20,43,'2022-08-15 15:58:04','2022-08-15 15:58:04'),(384,1.00,'Animi est.',26.40,0.00,1,28,94,'2022-08-15 15:58:04','2022-08-15 15:58:04'),(385,2.00,'Velit sapiente nam.',233.70,0.00,1,17,67,'2022-08-15 15:58:04','2022-08-15 15:58:04'),(386,5.00,'Officiis laboriosam.',254.70,0.00,1,15,78,'2022-08-15 15:58:04','2022-08-15 15:58:04'),(387,3.00,'Exercitationem autem minima.',246.00,0.00,1,12,75,'2022-08-15 15:58:04','2022-08-15 15:58:04'),(388,6.00,'Laborum minus perferendis facere.',792.10,0.00,1,2,99,'2022-08-15 15:58:04','2022-08-15 15:58:04'),(389,2.00,'Tempore fugit quo sapiente.',61.30,0.00,1,35,73,'2022-08-15 15:58:04','2022-08-15 15:58:04'),(390,2.00,'Tenetur aut mollitia.',141.80,0.00,1,8,88,'2022-08-15 15:58:04','2022-08-15 15:58:04'),(391,5.00,'Ut odit laborum at.',97.10,0.00,1,38,28,'2022-08-15 15:58:04','2022-08-15 15:58:04'),(392,3.00,'Tenetur aut mollitia.',141.80,0.00,1,26,88,'2022-08-15 15:58:04','2022-08-15 15:58:04'),(393,6.00,'Ullam eveniet nihil.',123.30,0.00,1,42,17,'2022-08-15 15:58:04','2022-08-15 15:58:04'),(394,1.00,'Voluptas et dolorem quia.',798.20,0.00,1,13,4,'2022-08-15 15:58:04','2022-08-15 15:58:04'),(395,6.00,'Modi quis porro enim.',785.80,0.00,1,29,84,'2022-08-15 15:58:04','2022-08-15 15:58:04'),(396,4.00,'Tempore fugit quo sapiente.',61.30,0.00,1,32,73,'2022-08-15 15:58:04','2022-08-15 15:58:04'),(397,1.00,'Dolorem cupiditate aut molestiae.',66.50,0.00,1,45,34,'2022-08-15 15:58:04','2022-08-15 15:58:04'),(398,4.00,'Ut odit laborum at.',97.10,0.00,1,13,28,'2022-08-15 15:58:04','2022-08-15 15:58:04'),(399,4.00,'Incidunt excepturi omnis.',752.70,0.00,1,15,83,'2022-08-15 15:58:04','2022-08-15 15:58:04'),(400,2.00,'Magni vel quos.',767.60,0.00,1,32,43,'2022-08-15 15:58:04','2022-08-15 15:58:04'),(401,2.00,'Vel esse.',443.90,0.00,1,13,15,'2022-08-15 15:58:04','2022-08-15 15:58:04'),(402,5.00,'Vel esse.',443.90,0.00,1,48,15,'2022-08-15 15:58:04','2022-08-15 15:58:04'),(403,2.00,'Nam voluptas nemo.',428.30,0.00,1,6,70,'2022-08-15 15:58:04','2022-08-15 15:58:04'),(404,2.00,'Iste omnis sint distinctio.',875.40,0.00,1,21,7,'2022-08-15 15:58:04','2022-08-15 15:58:04'),(405,1.00,'Quis incidunt sunt.',920.70,0.00,1,18,71,'2022-08-15 15:58:04','2022-08-15 15:58:04'),(406,2.00,'Repudiandae tempora alias.',84.60,0.00,1,45,33,'2022-08-15 15:58:04','2022-08-15 15:58:04'),(407,3.00,'Nulla voluptas sed assumenda.',271.10,0.00,1,14,53,'2022-08-15 15:58:04','2022-08-15 15:58:04'),(408,5.00,'Qui impedit quidem aliquid dolorem.',644.30,0.00,1,15,31,'2022-08-15 15:58:04','2022-08-15 15:58:04'),(409,2.00,'Repellat natus quis commodi sunt.',653.20,0.00,1,42,81,'2022-08-15 15:58:04','2022-08-15 15:58:04'),(410,6.00,'Architecto fuga repellat.',27.60,0.00,1,34,54,'2022-08-15 15:58:04','2022-08-15 15:58:04'),(411,3.00,'Distinctio ut fuga.',984.40,0.00,1,50,21,'2022-08-15 15:58:04','2022-08-15 15:58:04'),(412,2.00,'Consequatur rerum et rerum.',336.90,0.00,1,35,79,'2022-08-15 15:58:04','2022-08-15 15:58:04'),(413,3.00,'Aut soluta tempore.',734.70,0.00,1,43,41,'2022-08-15 15:58:04','2022-08-15 15:58:04'),(414,2.00,'Itaque magni consequatur.',678.70,0.00,1,7,52,'2022-08-15 15:58:04','2022-08-15 15:58:04'),(415,5.00,'Dolorem cupiditate aut molestiae.',66.50,0.00,1,34,34,'2022-08-15 15:58:04','2022-08-15 15:58:04'),(416,4.00,'Voluptatem nihil veniam.',604.00,0.00,1,41,12,'2022-08-15 15:58:04','2022-08-15 15:58:04'),(417,1.00,'Quidem impedit assumenda sapiente quod.',844.70,0.00,1,25,22,'2022-08-15 15:58:04','2022-08-15 15:58:04'),(418,1.00,'Quam consequatur qui sint.',629.40,0.00,1,2,55,'2022-08-15 15:58:04','2022-08-15 15:58:04'),(419,6.00,'Eos atque earum magnam.',760.70,0.00,1,47,47,'2022-08-15 15:58:04','2022-08-15 15:58:04'),(420,2.00,'Unde fugit modi ipsum et.',154.70,0.00,1,44,68,'2022-08-15 15:58:04','2022-08-15 15:58:04'),(421,2.00,'Voluptatem nihil veniam.',604.00,0.00,1,2,12,'2022-08-15 15:58:04','2022-08-15 15:58:04'),(422,3.00,'Voluptate quos in.',266.10,0.00,1,26,50,'2022-08-15 15:58:04','2022-08-15 15:58:04'),(423,1.00,'Dolorem cupiditate aut molestiae.',66.50,0.00,1,29,34,'2022-08-15 15:58:04','2022-08-15 15:58:04'),(424,2.00,'Distinctio ut fuga.',984.40,0.00,1,10,21,'2022-08-15 15:58:04','2022-08-15 15:58:04'),(425,3.00,'Reiciendis libero delectus corrupti.',121.20,0.00,1,35,89,'2022-08-15 15:58:04','2022-08-15 15:58:04'),(426,1.00,'Error est.',574.60,0.00,1,40,69,'2022-08-15 15:58:04','2022-08-15 15:58:04'),(427,1.00,'Voluptatem nihil veniam.',604.00,0.00,1,41,12,'2022-08-15 15:58:04','2022-08-15 15:58:04'),(428,1.00,'Qui impedit quidem aliquid dolorem.',644.30,0.00,1,10,31,'2022-08-15 15:58:04','2022-08-15 15:58:04'),(429,4.00,'Ipsum odio nisi aut.',48.80,0.00,1,7,6,'2022-08-15 15:58:04','2022-08-15 15:58:04'),(430,2.00,'Nam voluptas nemo.',428.30,0.00,1,49,70,'2022-08-15 15:58:04','2022-08-15 15:58:04'),(431,2.00,'Voluptate quos in.',266.10,0.00,1,35,50,'2022-08-15 15:58:04','2022-08-15 15:58:04'),(432,5.00,'In ipsum quam dolorem ut.',499.20,0.00,1,24,36,'2022-08-15 15:58:04','2022-08-15 15:58:04'),(433,1.00,'Placeat qui aliquid.',911.70,0.00,1,33,23,'2022-08-15 15:58:04','2022-08-15 15:58:04'),(434,3.00,'Officiis dignissimos ea.',227.90,0.00,1,47,42,'2022-08-15 15:58:04','2022-08-15 15:58:04'),(435,2.00,'Ut odit laborum at.',97.10,0.00,1,27,28,'2022-08-15 15:58:04','2022-08-15 15:58:04'),(436,3.00,'Assumenda vero dignissimos.',499.00,0.00,1,31,30,'2022-08-15 15:58:04','2022-08-15 15:58:04'),(437,4.00,'Eveniet placeat aut.',5.80,0.00,1,49,1,'2022-08-15 15:58:04','2022-08-15 15:58:04'),(438,3.00,'Assumenda vero dignissimos.',499.00,0.00,1,42,30,'2022-08-15 15:58:04','2022-08-15 15:58:04'),(439,6.00,'Illo quo nulla.',381.70,0.00,1,27,11,'2022-08-15 15:58:04','2022-08-15 15:58:04'),(440,6.00,'Distinctio ut fuga.',984.40,0.00,1,1,21,'2022-08-15 15:58:04','2022-08-15 15:58:04'),(441,6.00,'Animi est.',26.40,0.00,1,12,94,'2022-08-15 15:58:04','2022-08-15 15:58:04'),(442,2.00,'Repellat natus quis commodi sunt.',653.20,0.00,1,34,81,'2022-08-15 15:58:04','2022-08-15 15:58:04'),(443,4.00,'Quam consequatur qui sint.',629.40,0.00,1,35,55,'2022-08-15 15:58:04','2022-08-15 15:58:04'),(444,1.00,'Unde fugit modi ipsum et.',154.70,0.00,1,14,68,'2022-08-15 15:58:04','2022-08-15 15:58:04'),(445,3.00,'Ut facilis nam.',319.00,0.00,1,11,82,'2022-08-15 15:58:04','2022-08-15 15:58:04'),(446,2.00,'Eum cumque tempora perferendis numquam.',496.90,0.00,1,3,97,'2022-08-15 15:58:04','2022-08-15 15:58:04'),(447,5.00,'Laborum minus perferendis facere.',792.10,0.00,1,34,99,'2022-08-15 15:58:04','2022-08-15 15:58:04'),(448,2.00,'Illo quo nulla.',381.70,0.00,1,14,11,'2022-08-15 15:58:04','2022-08-15 15:58:04'),(449,6.00,'Consequatur rerum et rerum.',336.90,0.00,1,38,79,'2022-08-15 15:58:04','2022-08-15 15:58:04'),(450,5.00,'Praesentium autem voluptatem id.',256.70,0.00,1,19,9,'2022-08-15 15:58:04','2022-08-15 15:58:04'),(451,3.00,'Ipsum odio nisi aut.',48.80,0.00,1,32,6,'2022-08-15 15:58:04','2022-08-15 15:58:04'),(452,3.00,'Neque aut ipsam.',585.50,0.00,1,30,77,'2022-08-15 15:58:04','2022-08-15 15:58:04'),(453,3.00,'Soluta alias et.',954.60,0.00,1,11,85,'2022-08-15 15:58:04','2022-08-15 15:58:04'),(454,4.00,'Ipsum odio nisi aut.',48.80,0.00,1,25,6,'2022-08-15 15:58:04','2022-08-15 15:58:04'),(455,6.00,'Et a asperiores dolorum eveniet.',375.80,0.00,1,12,44,'2022-08-15 15:58:04','2022-08-15 15:58:04'),(456,1.00,'Accusamus explicabo blanditiis.',844.50,0.00,1,3,91,'2022-08-15 15:58:04','2022-08-15 15:58:04'),(457,5.00,'Nam voluptas nemo.',428.30,0.00,1,13,70,'2022-08-15 15:58:04','2022-08-15 15:58:04'),(458,6.00,'Illo aut nobis aut.',600.20,0.00,1,6,37,'2022-08-15 15:58:04','2022-08-15 15:58:04'),(459,2.00,'Omnis ea ipsam.',766.50,0.00,1,45,3,'2022-08-15 15:58:04','2022-08-15 15:58:04'),(460,4.00,'Modi quis porro enim.',785.80,0.00,1,38,84,'2022-08-15 15:58:04','2022-08-15 15:58:04'),(461,5.00,'Id qui ipsam nemo.',610.40,0.00,1,16,27,'2022-08-15 15:58:04','2022-08-15 15:58:04'),(462,3.00,'Velit sapiente nam.',233.70,0.00,1,32,67,'2022-08-15 15:58:04','2022-08-15 15:58:04'),(463,3.00,'Magni vel quos.',767.60,0.00,1,20,43,'2022-08-15 15:58:04','2022-08-15 15:58:04'),(464,4.00,'Sed deserunt ab illum.',643.00,0.00,1,11,60,'2022-08-15 15:58:04','2022-08-15 15:58:04'),(465,3.00,'Voluptas praesentium perferendis corrupti.',769.80,0.00,1,48,10,'2022-08-15 15:58:04','2022-08-15 15:58:04'),(466,4.00,'Quisquam ipsa et quam.',1.00,0.00,1,8,5,'2022-08-15 15:58:04','2022-08-15 15:58:04'),(467,5.00,'Nemo est nostrum consectetur.',613.40,0.00,1,40,25,'2022-08-15 15:58:04','2022-08-15 15:58:04'),(468,5.00,'Nam voluptas nemo.',428.30,0.00,1,23,70,'2022-08-15 15:58:04','2022-08-15 15:58:04'),(469,6.00,'Aut soluta tempore.',734.70,0.00,1,5,41,'2022-08-15 15:58:04','2022-08-15 15:58:04'),(470,5.00,'Eum cumque tempora perferendis numquam.',496.90,0.00,1,23,97,'2022-08-15 15:58:04','2022-08-15 15:58:04'),(471,4.00,'Neque aut ipsam.',585.50,0.00,1,46,77,'2022-08-15 15:58:04','2022-08-15 15:58:04'),(472,1.00,'Illo consectetur sit.',692.40,0.00,1,41,80,'2022-08-15 15:58:04','2022-08-15 15:58:04'),(473,3.00,'Dolor voluptatem.',733.20,0.00,1,10,29,'2022-08-15 15:58:04','2022-08-15 15:58:04'),(474,1.00,'Distinctio ut fuga.',984.40,0.00,1,22,21,'2022-08-15 15:58:04','2022-08-15 15:58:04'),(475,5.00,'Consequatur rerum et rerum.',336.90,0.00,1,45,79,'2022-08-15 15:58:04','2022-08-15 15:58:04'),(476,5.00,'Provident iure enim.',887.10,0.00,1,49,2,'2022-08-15 15:58:04','2022-08-15 15:58:04'),(477,5.00,'Voluptate quos in.',266.10,0.00,1,44,50,'2022-08-15 15:58:04','2022-08-15 15:58:04'),(478,2.00,'Dolor omnis aut corrupti.',473.90,0.00,1,18,100,'2022-08-15 15:58:04','2022-08-15 15:58:04'),(479,3.00,'Placeat qui aliquid.',911.70,0.00,1,19,23,'2022-08-15 15:58:04','2022-08-15 15:58:04'),(480,3.00,'Modi quis porro enim.',785.80,0.00,1,42,84,'2022-08-15 15:58:04','2022-08-15 15:58:04'),(481,6.00,'Voluptas praesentium perferendis corrupti.',769.80,0.00,1,11,10,'2022-08-15 15:58:04','2022-08-15 15:58:04'),(482,3.00,'Animi culpa et.',951.70,0.00,1,19,57,'2022-08-15 15:58:04','2022-08-15 15:58:04'),(483,1.00,'Aut soluta tempore.',734.70,0.00,1,7,41,'2022-08-15 15:58:04','2022-08-15 15:58:04'),(484,5.00,'Et quaerat voluptatem.',966.10,0.00,1,36,20,'2022-08-15 15:58:04','2022-08-15 15:58:04'),(485,4.00,'Itaque perferendis veniam.',523.30,0.00,1,31,61,'2022-08-15 15:58:04','2022-08-15 15:58:04'),(486,1.00,'Illo consectetur sit.',692.40,0.00,1,15,80,'2022-08-15 15:58:04','2022-08-15 15:58:04'),(487,1.00,'Aliquam voluptatem est nesciunt.',503.30,0.00,1,35,87,'2022-08-15 15:58:04','2022-08-15 15:58:04'),(488,6.00,'Dolorem cupiditate aut molestiae.',66.50,0.00,1,49,34,'2022-08-15 15:58:04','2022-08-15 15:58:04'),(489,4.00,'Laborum minus perferendis facere.',792.10,0.00,1,31,99,'2022-08-15 15:58:04','2022-08-15 15:58:04'),(490,1.00,'Aut soluta tempore.',734.70,0.00,1,6,41,'2022-08-15 15:58:04','2022-08-15 15:58:04'),(491,5.00,'Soluta alias et.',954.60,0.00,1,43,85,'2022-08-15 15:58:04','2022-08-15 15:58:04'),(492,6.00,'Sed ullam mollitia non.',80.20,0.00,1,35,63,'2022-08-15 15:58:04','2022-08-15 15:58:04'),(493,4.00,'Voluptate quos in.',266.10,0.00,1,19,50,'2022-08-15 15:58:04','2022-08-15 15:58:04'),(494,5.00,'Repudiandae tempora alias.',84.60,0.00,1,31,33,'2022-08-15 15:58:04','2022-08-15 15:58:04'),(495,3.00,'In ipsum quam dolorem ut.',499.20,0.00,1,27,36,'2022-08-15 15:58:04','2022-08-15 15:58:04'),(496,6.00,'Natus ipsum quod.',935.70,0.00,1,44,74,'2022-08-15 15:58:04','2022-08-15 15:58:04'),(497,4.00,'Labore repellendus voluptate.',497.60,0.00,1,50,62,'2022-08-15 15:58:04','2022-08-15 15:58:04'),(498,4.00,'Reiciendis libero delectus corrupti.',121.20,0.00,1,11,89,'2022-08-15 15:58:04','2022-08-15 15:58:04'),(499,4.00,'Nulla voluptas sed assumenda.',271.10,0.00,1,35,53,'2022-08-15 15:58:04','2022-08-15 15:58:04'),(500,1.00,'Reiciendis libero delectus corrupti.',121.20,0.00,1,7,89,'2022-08-15 15:58:04','2022-08-15 15:58:04'),(501,3.00,'Quisquam ipsa et quam.',1.00,0.00,1,50,5,'2022-08-15 15:58:04','2022-08-15 15:58:04'),(502,4.00,'Itaque perferendis veniam.',523.30,0.00,1,44,61,'2022-08-15 15:58:04','2022-08-15 15:58:04'),(503,3.00,'Repellat natus quis commodi sunt.',653.20,0.00,1,10,81,'2022-08-15 15:58:04','2022-08-15 15:58:04'),(504,1.00,'Voluptatem nihil veniam.',604.00,0.00,1,40,12,'2022-08-15 15:58:04','2022-08-15 15:58:04'),(505,4.00,'Officiis laboriosam.',254.70,0.00,1,5,78,'2022-08-15 15:58:04','2022-08-15 15:58:04'),(506,4.00,'Eum cumque tempora perferendis numquam.',496.90,0.00,1,22,97,'2022-08-15 15:58:04','2022-08-15 15:58:04'),(507,6.00,'Aspernatur tempore cumque.',322.80,0.00,1,46,90,'2022-08-15 15:58:04','2022-08-15 15:58:04'),(508,1.00,'Velit sapiente nam.',233.70,0.00,1,43,67,'2022-08-15 15:58:04','2022-08-15 15:58:04'),(509,3.00,'Maxime architecto ullam.',51.60,0.00,1,50,72,'2022-08-15 15:58:04','2022-08-15 15:58:04'),(510,2.00,'Omnis ea ipsam.',766.50,0.00,1,19,3,'2022-08-15 15:58:04','2022-08-15 15:58:04'),(511,5.00,'Ullam eveniet nihil.',123.30,0.00,1,8,17,'2022-08-15 15:58:04','2022-08-15 15:58:04'),(512,1.00,'Labore repellendus voluptate.',497.60,0.00,1,18,62,'2022-08-15 15:58:04','2022-08-15 15:58:04'),(513,3.00,'Facilis excepturi qui.',704.20,0.00,1,4,58,'2022-08-15 15:58:04','2022-08-15 15:58:04'),(514,5.00,'Placeat vel voluptas.',761.60,0.00,1,10,56,'2022-08-15 15:58:04','2022-08-15 15:58:04'),(515,6.00,'Est et omnis dolores neque.',959.20,0.00,1,1,40,'2022-08-15 15:58:04','2022-08-15 15:58:04'),(516,2.00,'Provident iure enim.',887.10,0.00,1,15,2,'2022-08-15 15:58:04','2022-08-15 15:58:04'),(517,1.00,'Placeat vel voluptas.',761.60,0.00,1,45,56,'2022-08-15 15:58:04','2022-08-15 15:58:04'),(518,5.00,'Optio quibusdam autem.',862.20,0.00,1,40,51,'2022-08-15 15:58:04','2022-08-15 15:58:04'),(519,4.00,'Placeat qui aliquid.',911.70,0.00,1,32,23,'2022-08-15 15:58:04','2022-08-15 15:58:04'),(520,1.00,'Nisi consequatur saepe officia.',706.10,0.00,1,39,19,'2022-08-15 15:58:04','2022-08-15 15:58:04'),(521,4.00,'Aspernatur tempore cumque.',322.80,0.00,1,4,90,'2022-08-15 15:58:04','2022-08-15 15:58:04'),(522,4.00,'Asperiores aut.',439.90,0.00,1,33,49,'2022-08-15 15:58:04','2022-08-15 15:58:04'),(523,1.00,'Neque aut ipsam.',585.50,0.00,1,48,77,'2022-08-15 15:58:04','2022-08-15 15:58:04'),(524,1.00,'Itaque perferendis veniam.',523.30,0.00,1,22,61,'2022-08-15 15:58:04','2022-08-15 15:58:04'),(525,4.00,'Quidem impedit assumenda sapiente quod.',844.70,0.00,1,40,22,'2022-08-15 15:58:04','2022-08-15 15:58:04'),(526,6.00,'Et a asperiores dolorum eveniet.',375.80,0.00,1,4,44,'2022-08-15 15:58:04','2022-08-15 15:58:04'),(527,3.00,'Sed deserunt ab illum.',643.00,0.00,1,30,60,'2022-08-15 15:58:04','2022-08-15 15:58:04'),(528,1.00,'Quia illum dolorum accusantium aliquid.',928.30,0.00,1,11,48,'2022-08-15 15:58:04','2022-08-15 15:58:04'),(529,5.00,'Optio quibusdam autem.',862.20,0.00,1,40,51,'2022-08-15 15:58:04','2022-08-15 15:58:04'),(530,2.00,'Sed ullam mollitia non.',80.20,0.00,1,16,63,'2022-08-15 15:58:04','2022-08-15 15:58:04'),(531,3.00,'Nam voluptas nemo.',428.30,0.00,1,22,70,'2022-08-15 15:58:04','2022-08-15 15:58:04'),(532,2.00,'Repudiandae tempora alias.',84.60,0.00,1,45,33,'2022-08-15 15:58:04','2022-08-15 15:58:04'),(533,5.00,'Dolorem cupiditate aut molestiae.',66.50,0.00,1,8,34,'2022-08-15 15:58:04','2022-08-15 15:58:04'),(534,4.00,'Vel esse.',443.90,0.00,1,37,15,'2022-08-15 15:58:04','2022-08-15 15:58:04'),(535,5.00,'Placeat vel voluptas.',761.60,0.00,1,13,56,'2022-08-15 15:58:04','2022-08-15 15:58:04'),(536,4.00,'Vero et eum necessitatibus.',877.50,0.00,1,37,8,'2022-08-15 15:58:04','2022-08-15 15:58:04'),(537,5.00,'Maxime architecto ullam.',51.60,0.00,1,25,72,'2022-08-15 15:58:04','2022-08-15 15:58:04'),(538,2.00,'Suscipit iste vero.',847.80,0.00,1,14,38,'2022-08-15 15:58:04','2022-08-15 15:58:04'),(539,3.00,'In ipsum quam dolorem ut.',499.20,0.00,1,20,36,'2022-08-15 15:58:04','2022-08-15 15:58:04'),(540,3.00,'Tenetur aut mollitia.',141.80,0.00,1,33,88,'2022-08-15 15:58:04','2022-08-15 15:58:04'),(541,3.00,'Quidem impedit assumenda sapiente quod.',844.70,0.00,1,5,22,'2022-08-15 15:58:04','2022-08-15 15:58:04'),(542,1.00,'Labore repellendus voluptate.',497.60,0.00,1,22,62,'2022-08-15 15:58:04','2022-08-15 15:58:04'),(543,5.00,'Aut soluta tempore.',734.70,0.00,1,15,41,'2022-08-15 15:58:04','2022-08-15 15:58:04'),(544,3.00,'Suscipit iste vero.',847.80,0.00,1,31,38,'2022-08-15 15:58:04','2022-08-15 15:58:04'),(545,6.00,'Doloribus rerum occaecati ut.',620.30,0.00,1,32,64,'2022-08-15 15:58:04','2022-08-15 15:58:04'),(546,5.00,'Enim et culpa tenetur.',975.50,0.00,1,14,86,'2022-08-15 15:58:04','2022-08-15 15:58:04'),(547,2.00,'Magni vel quos.',767.60,0.00,1,22,43,'2022-08-15 15:58:04','2022-08-15 15:58:04'),(548,4.00,'Quis incidunt sunt.',920.70,0.00,1,43,71,'2022-08-15 15:58:04','2022-08-15 15:58:04'),(549,6.00,'Earum accusamus sunt est.',336.70,0.00,1,27,35,'2022-08-15 15:58:04','2022-08-15 15:58:04'),(550,3.00,'Soluta alias et.',954.60,0.00,1,18,85,'2022-08-15 15:58:04','2022-08-15 15:58:04'),(551,6.00,'Quis incidunt sunt.',920.70,0.00,1,42,71,'2022-08-15 15:58:04','2022-08-15 15:58:04'),(552,2.00,'Voluptas ducimus in aut.',605.40,0.00,1,4,16,'2022-08-15 15:58:04','2022-08-15 15:58:04'),(553,3.00,'Facilis excepturi qui.',704.20,0.00,1,35,58,'2022-08-15 15:58:04','2022-08-15 15:58:04'),(554,4.00,'Assumenda vero dignissimos.',499.00,0.00,1,11,30,'2022-08-15 15:58:04','2022-08-15 15:58:04'),(555,2.00,'Architecto fuga repellat.',27.60,0.00,1,48,54,'2022-08-15 15:58:04','2022-08-15 15:58:04'),(556,3.00,'Ullam magni voluptatem unde.',5.90,0.00,1,35,45,'2022-08-15 15:58:04','2022-08-15 15:58:04'),(557,3.00,'Soluta alias et.',954.60,0.00,1,13,85,'2022-08-15 15:58:04','2022-08-15 15:58:04'),(558,2.00,'Voluptas ducimus in aut.',605.40,0.00,1,29,16,'2022-08-15 15:58:04','2022-08-15 15:58:04'),(559,2.00,'Modi quis porro enim.',785.80,0.00,1,30,84,'2022-08-15 15:58:04','2022-08-15 15:58:04'),(560,3.00,'Quidem vel omnis.',516.90,0.00,1,11,26,'2022-08-15 15:58:04','2022-08-15 15:58:04'),(561,2.00,'Quidem vel omnis.',516.90,0.00,1,40,26,'2022-08-15 15:58:04','2022-08-15 15:58:04'),(562,2.00,'Commodi odit id culpa nemo.',562.20,0.00,1,42,46,'2022-08-15 15:58:04','2022-08-15 15:58:04'),(563,2.00,'Nisi consequatur saepe officia.',706.10,0.00,1,26,19,'2022-08-15 15:58:04','2022-08-15 15:58:04'),(564,2.00,'Velit sapiente nam.',233.70,0.00,1,16,67,'2022-08-15 15:58:04','2022-08-15 15:58:04'),(565,2.00,'Illo aut nobis aut.',600.20,0.00,1,43,37,'2022-08-15 15:58:04','2022-08-15 15:58:04'),(566,5.00,'Voluptas praesentium perferendis corrupti.',769.80,0.00,1,43,10,'2022-08-15 15:58:04','2022-08-15 15:58:04'),(567,1.00,'Ut odit laborum at.',97.10,0.00,1,19,28,'2022-08-15 15:58:04','2022-08-15 15:58:04'),(568,2.00,'Est et omnis dolores neque.',959.20,0.00,1,5,40,'2022-08-15 15:58:04','2022-08-15 15:58:04'),(569,1.00,'Suscipit iste vero.',847.80,0.00,1,1,38,'2022-08-15 15:58:04','2022-08-15 15:58:04'),(570,2.00,'Nisi consequatur saepe officia.',706.10,0.00,1,40,19,'2022-08-15 15:58:04','2022-08-15 15:58:04'),(571,4.00,'Animi est.',26.40,0.00,1,46,94,'2022-08-15 15:58:04','2022-08-15 15:58:04'),(572,2.00,'Accusamus explicabo blanditiis.',844.50,0.00,1,39,91,'2022-08-15 15:58:04','2022-08-15 15:58:04'),(573,6.00,'Ipsum odio nisi aut.',48.80,0.00,1,32,6,'2022-08-15 15:58:04','2022-08-15 15:58:04'),(574,3.00,'Nemo est nostrum consectetur.',613.40,0.00,1,27,25,'2022-08-15 15:58:04','2022-08-15 15:58:04'),(575,6.00,'Tenetur aut mollitia.',141.80,0.00,1,11,88,'2022-08-15 15:58:04','2022-08-15 15:58:04'),(576,5.00,'Unde fugit modi ipsum et.',154.70,0.00,1,30,68,'2022-08-15 15:58:04','2022-08-15 15:58:04'),(577,5.00,'Quidem vel omnis.',516.90,0.00,1,35,26,'2022-08-15 15:58:04','2022-08-15 15:58:04'),(578,1.00,'Earum accusamus sunt est.',336.70,0.00,1,14,35,'2022-08-15 15:58:04','2022-08-15 15:58:04'),(579,4.00,'Doloribus rerum occaecati ut.',620.30,0.00,1,2,64,'2022-08-15 15:58:04','2022-08-15 15:58:04'),(580,2.00,'Illo aut nobis aut.',600.20,0.00,1,22,37,'2022-08-15 15:58:04','2022-08-15 15:58:04'),(581,6.00,'Consequatur rerum et rerum.',336.90,0.00,1,11,79,'2022-08-15 15:58:04','2022-08-15 15:58:04'),(582,2.00,'Eveniet dolores atque.',799.30,0.00,1,26,24,'2022-08-15 15:58:04','2022-08-15 15:58:04'),(583,4.00,'Provident iure enim.',887.10,0.00,1,5,2,'2022-08-15 15:58:04','2022-08-15 15:58:04'),(584,5.00,'Qui impedit quidem aliquid dolorem.',644.30,0.00,1,41,31,'2022-08-15 15:58:04','2022-08-15 15:58:04'),(585,3.00,'Consequatur rerum et rerum.',336.90,0.00,1,50,79,'2022-08-15 15:58:04','2022-08-15 15:58:04'),(586,2.00,'Quo quam distinctio facilis.',663.10,0.00,1,5,39,'2022-08-15 15:58:04','2022-08-15 15:58:04'),(587,6.00,'Assumenda vero dignissimos.',499.00,0.00,1,32,30,'2022-08-15 15:58:04','2022-08-15 15:58:04'),(588,4.00,'Asperiores aut.',439.90,0.00,1,27,49,'2022-08-15 15:58:04','2022-08-15 15:58:04'),(589,4.00,'Distinctio ut fuga.',984.40,0.00,1,27,21,'2022-08-15 15:58:04','2022-08-15 15:58:04'),(590,1.00,'Aliquam voluptatem est nesciunt.',503.30,0.00,1,47,87,'2022-08-15 15:58:04','2022-08-15 15:58:04'),(591,5.00,'Tempore fugit quo sapiente.',61.30,0.00,1,26,73,'2022-08-15 15:58:04','2022-08-15 15:58:04'),(592,4.00,'Incidunt excepturi omnis.',752.70,0.00,1,49,83,'2022-08-15 15:58:04','2022-08-15 15:58:04'),(593,5.00,'Consequatur rerum et rerum.',336.90,0.00,1,24,79,'2022-08-15 15:58:04','2022-08-15 15:58:04'),(594,5.00,'Laborum minus perferendis facere.',792.10,0.00,1,18,99,'2022-08-15 15:58:04','2022-08-15 15:58:04'),(595,5.00,'Voluptas praesentium perferendis corrupti.',769.80,0.00,1,6,10,'2022-08-15 15:58:04','2022-08-15 15:58:04'),(596,4.00,'Est et omnis dolores neque.',959.20,0.00,1,35,40,'2022-08-15 15:58:04','2022-08-15 15:58:04'),(597,1.00,'Laudantium ut consequatur.',722.50,0.00,1,43,92,'2022-08-15 15:58:04','2022-08-15 15:58:04'),(598,2.00,'Unde fugit modi ipsum et.',154.70,0.00,1,33,68,'2022-08-15 15:58:04','2022-08-15 15:58:04'),(599,4.00,'Exercitationem autem minima.',246.00,0.00,1,35,75,'2022-08-15 15:58:04','2022-08-15 15:58:04'),(600,3.00,'Vero et eum necessitatibus.',877.50,0.00,1,1,8,'2022-08-15 15:58:04','2022-08-15 15:58:04');
/*!40000 ALTER TABLE `orderdetails` ENABLE KEYS */;
UNLOCK TABLES;

--
-- Table structure for table `orderheaders`
--

DROP TABLE IF EXISTS `orderheaders`;
/*!40101 SET @saved_cs_client     = @@character_set_client */;
/*!50503 SET character_set_client = utf8mb4 */;
CREATE TABLE `orderheaders` (
  `id` bigint unsigned NOT NULL AUTO_INCREMENT,
  `num_fact` varchar(255) COLLATE utf8_unicode_ci DEFAULT NULL,
  `slug` varchar(255) COLLATE utf8_unicode_ci DEFAULT NULL,
  `delivery_day` date DEFAULT NULL,
  `delivery_time` time DEFAULT NULL,
  `discount` decimal(11,2) DEFAULT NULL,
  `status` char(2) COLLATE utf8_unicode_ci NOT NULL DEFAULT '1',
  `docu_link_cdr` varchar(255) COLLATE utf8_unicode_ci DEFAULT NULL,
  `docu_link_xml` varchar(255) COLLATE utf8_unicode_ci DEFAULT NULL,
  `empr_nroruc` varchar(255) COLLATE utf8_unicode_ci DEFAULT NULL,
  `codigo_guia` varchar(255) COLLATE utf8_unicode_ci DEFAULT NULL,
  `fecha_guia` date DEFAULT NULL,
  `operation_id` bigint unsigned DEFAULT NULL,
  `created_at` timestamp NULL DEFAULT NULL,
  `updated_at` timestamp NULL DEFAULT NULL,
  PRIMARY KEY (`id`),
  KEY `orderheaders_operation_id_foreign` (`operation_id`),
  CONSTRAINT `orderheaders_operation_id_foreign` FOREIGN KEY (`operation_id`) REFERENCES `operations` (`id`) ON DELETE SET NULL
) ENGINE=InnoDB AUTO_INCREMENT=51 DEFAULT CHARSET=utf8mb3 COLLATE=utf8_unicode_ci;
/*!40101 SET character_set_client = @saved_cs_client */;

--
-- Dumping data for table `orderheaders`
--

LOCK TABLES `orderheaders` WRITE;
/*!40000 ALTER TABLE `orderheaders` DISABLE KEYS */;
INSERT INTO `orderheaders` VALUES (1,'fac-4352497218','cumque-sint-voluptatem-blanditiis-sint','2022-08-18','19:00:00',3.00,'6','cumque-sint-voluptatem-blanditiis-sintcdr','cumque-sint-voluptatem-blanditiis-sintxml','70332163128','guia-13736116','2022-09-04',NULL,'2022-08-15 15:58:01','2022-08-15 15:58:01'),(2,'fac-6694819019','ex-deserunt-et-ipsa-harum-hic-officia','2022-08-19','00:51:00',6.40,'2','ex-deserunt-et-ipsa-harum-hic-officiacdr','ex-deserunt-et-ipsa-harum-hic-officiaxml','44674109179','guia-87800917','2022-08-19',NULL,'2022-08-15 15:58:01','2022-08-15 15:58:01'),(3,'fac-1359753717','eos-saepe-harum-qui-mollitia','2022-08-18','01:05:00',2.10,'5','eos-saepe-harum-qui-mollitiacdr','eos-saepe-harum-qui-mollitiaxml','24196650978','guia-36911718','2022-08-28',NULL,'2022-08-15 15:58:01','2022-08-15 15:58:01'),(4,'fac-1533836618','cum-ut-numquam-quidem-dolore-dolores','2022-08-20','11:59:00',7.10,'5','cum-ut-numquam-quidem-dolore-dolorescdr','cum-ut-numquam-quidem-dolore-doloresxml','16361974231','guia-52529015','2022-08-17',NULL,'2022-08-15 15:58:01','2022-08-15 15:58:01'),(5,'fac-4966611220','omnis-ea-porro-quae-tenetur-corporis-delectus','2022-08-19','02:31:00',0.80,'9','omnis-ea-porro-quae-tenetur-corporis-delectuscdr','omnis-ea-porro-quae-tenetur-corporis-delectusxml','32479568585','guia-97948517','2022-09-01',NULL,'2022-08-15 15:58:01','2022-08-15 15:58:01'),(6,'fac-9571344118','ipsam-autem-quia-nam','2022-08-17','06:23:00',9.80,'5','ipsam-autem-quia-namcdr','ipsam-autem-quia-namxml','64540960224','guia-36089710','2022-08-19',NULL,'2022-08-15 15:58:01','2022-08-15 15:58:01'),(7,'fac-9159986819','totam-voluptatem-itaque-sunt-ratione-animi-nihil-vitae','2022-08-20','01:45:00',2.20,'1','totam-voluptatem-itaque-sunt-ratione-animi-nihil-vitaecdr','totam-voluptatem-itaque-sunt-ratione-animi-nihil-vitaexml','64039745783','guia-19642719','2022-08-30',NULL,'2022-08-15 15:58:01','2022-08-15 15:58:01'),(8,'fac-6026008818','explicabo-officiis-et-ipsum-ab-rem-sed','2022-08-18','01:06:00',6.70,'8','explicabo-officiis-et-ipsum-ab-rem-sedcdr','explicabo-officiis-et-ipsum-ab-rem-sedxml','98022348966','guia-63629911','2022-08-19',NULL,'2022-08-15 15:58:01','2022-08-15 15:58:01'),(9,'fac-9733126512','reiciendis-temporibus-hic-voluptatibus-totam-commodi-porro-et-dolor','2022-08-19','03:13:00',8.50,'6','reiciendis-temporibus-hic-voluptatibus-totam-commodi-porro-et-dolorcdr','reiciendis-temporibus-hic-voluptatibus-totam-commodi-porro-et-dolorxml','67221636117','guia-48200713','2022-08-15',NULL,'2022-08-15 15:58:01','2022-08-15 15:58:01'),(10,'fac-7872132120','quibusdam-reprehenderit-modi-voluptatem','2022-08-17','11:10:00',4.20,'7','quibusdam-reprehenderit-modi-voluptatemcdr','quibusdam-reprehenderit-modi-voluptatemxml','91634937118','guia-91944715','2022-08-27',NULL,'2022-08-15 15:58:01','2022-08-15 15:58:01'),(11,'fac-3584137517','et-aut-eum-aut-et-ea-aspernatur','2022-08-15','22:55:00',8.50,'10','et-aut-eum-aut-et-ea-aspernaturcdr','et-aut-eum-aut-et-ea-aspernaturxml','14462658428','guia-76799318','2022-08-23',NULL,'2022-08-15 15:58:01','2022-08-15 15:58:01'),(12,'fac-2754654519','praesentium-sunt-quasi-suscipit-est-distinctio-dicta','2022-08-17','14:53:00',4.50,'3','praesentium-sunt-quasi-suscipit-est-distinctio-dictacdr','praesentium-sunt-quasi-suscipit-est-distinctio-dictaxml','85770040223','guia-32768114','2022-08-24',NULL,'2022-08-15 15:58:01','2022-08-15 15:58:01'),(13,'fac-5772168910','et-ducimus-nobis-sint-sint-non-beatae-ut','2022-08-17','21:25:00',9.10,'7','et-ducimus-nobis-sint-sint-non-beatae-utcdr','et-ducimus-nobis-sint-sint-non-beatae-utxml','67283507747','guia-12000311','2022-08-17',NULL,'2022-08-15 15:58:01','2022-08-15 15:58:01'),(14,'fac-2136323813','quia-incidunt-quos-ut','2022-08-18','15:28:00',4.20,'5','quia-incidunt-quos-utcdr','quia-incidunt-quos-utxml','23573926929','guia-50386520','2022-09-02',NULL,'2022-08-15 15:58:01','2022-08-15 15:58:01'),(15,'fac-8082473217','ut-ratione-tempora-molestiae-libero-molestiae','2022-08-17','01:24:00',8.40,'8','ut-ratione-tempora-molestiae-libero-molestiaecdr','ut-ratione-tempora-molestiae-libero-molestiaexml','88824465655','guia-53660310','2022-08-26',NULL,'2022-08-15 15:58:01','2022-08-15 15:58:01'),(16,'fac-7871474319','quia-asperiores-aspernatur-veritatis-quia-officia-et-qui','2022-08-18','09:32:00',9.60,'1','quia-asperiores-aspernatur-veritatis-quia-officia-et-quicdr','quia-asperiores-aspernatur-veritatis-quia-officia-et-quixml','56817353067','guia-44814411','2022-09-02',NULL,'2022-08-15 15:58:01','2022-08-15 15:58:01'),(17,'fac-9098494715','aut-similique-sunt-consequatur-vitae','2022-08-20','00:00:00',7.60,'2','aut-similique-sunt-consequatur-vitaecdr','aut-similique-sunt-consequatur-vitaexml','60369015353','guia-40545410','2022-08-27',NULL,'2022-08-15 15:58:01','2022-08-15 15:58:01'),(18,'fac-4578612218','placeat-reprehenderit-inventore-quisquam-aut-facere-sit-cupiditate','2022-08-16','05:40:00',6.40,'2','placeat-reprehenderit-inventore-quisquam-aut-facere-sit-cupiditatecdr','placeat-reprehenderit-inventore-quisquam-aut-facere-sit-cupiditatexml','73914347864','guia-31080019','2022-08-23',NULL,'2022-08-15 15:58:01','2022-08-15 15:58:01'),(19,'fac-5500019011','qui-consequuntur-beatae-sit-iusto','2022-08-17','18:35:00',1.50,'1','qui-consequuntur-beatae-sit-iustocdr','qui-consequuntur-beatae-sit-iustoxml','67428476149','guia-19739618','2022-08-28',NULL,'2022-08-15 15:58:01','2022-08-15 15:58:01'),(20,'fac-8219637317','quas-nulla-eum-mollitia-odio-et','2022-08-16','08:55:00',4.20,'2','quas-nulla-eum-mollitia-odio-etcdr','quas-nulla-eum-mollitia-odio-etxml','21778608246','guia-10995310','2022-08-20',NULL,'2022-08-15 15:58:01','2022-08-15 15:58:01'),(21,'fac-5907717716','accusamus-voluptas-officia-sequi-harum','2022-08-16','08:20:00',2.60,'10','accusamus-voluptas-officia-sequi-harumcdr','accusamus-voluptas-officia-sequi-harumxml','59211230427','guia-70563010','2022-08-20',NULL,'2022-08-15 15:58:01','2022-08-15 15:58:01'),(22,'fac-6394714111','velit-numquam-eum-blanditiis-sint-necessitatibus-iste','2022-08-16','07:26:00',9.10,'7','velit-numquam-eum-blanditiis-sint-necessitatibus-istecdr','velit-numquam-eum-blanditiis-sint-necessitatibus-istexml','30579908860','guia-58914514','2022-08-17',NULL,'2022-08-15 15:58:01','2022-08-15 15:58:01'),(23,'fac-5807855317','quas-qui-temporibus-vero-unde-odit-aliquid-voluptatibus','2022-08-19','07:29:00',9.60,'1','quas-qui-temporibus-vero-unde-odit-aliquid-voluptatibuscdr','quas-qui-temporibus-vero-unde-odit-aliquid-voluptatibusxml','81517264373','guia-95315415','2022-08-18',NULL,'2022-08-15 15:58:01','2022-08-15 15:58:01'),(24,'fac-7892107520','possimus-odio-nobis-nulla-vero-hic','2022-08-17','13:38:00',1.40,'9','possimus-odio-nobis-nulla-vero-hiccdr','possimus-odio-nobis-nulla-vero-hicxml','85520626077','guia-67004816','2022-08-22',NULL,'2022-08-15 15:58:01','2022-08-15 15:58:01'),(25,'fac-9214087212','quia-ut-cumque-commodi-hic-hic-animi-consequatur','2022-08-16','18:14:00',9.70,'8','quia-ut-cumque-commodi-hic-hic-animi-consequaturcdr','quia-ut-cumque-commodi-hic-hic-animi-consequaturxml','98447144244','guia-94240612','2022-08-20',NULL,'2022-08-15 15:58:01','2022-08-15 15:58:01'),(26,'fac-9613156015','quisquam-earum-vitae-voluptatem-qui','2022-08-16','18:17:00',1.50,'2','quisquam-earum-vitae-voluptatem-quicdr','quisquam-earum-vitae-voluptatem-quixml','71820542813','guia-28302613','2022-08-19',NULL,'2022-08-15 15:58:01','2022-08-15 15:58:01'),(27,'fac-8078514816','doloremque-dicta-placeat-explicabo-ipsum-consectetur-in-sapiente-vero','2022-08-18','10:02:00',5.00,'9','doloremque-dicta-placeat-explicabo-ipsum-consectetur-in-sapiente-verocdr','doloremque-dicta-placeat-explicabo-ipsum-consectetur-in-sapiente-veroxml','67499523556','guia-93383013','2022-08-20',NULL,'2022-08-15 15:58:01','2022-08-15 15:58:01'),(28,'fac-7842143216','suscipit-voluptas-illo-aliquam-aut-nihil','2022-08-19','14:41:00',1.80,'7','suscipit-voluptas-illo-aliquam-aut-nihilcdr','suscipit-voluptas-illo-aliquam-aut-nihilxml','12313925732','guia-21266510','2022-08-31',NULL,'2022-08-15 15:58:01','2022-08-15 15:58:01'),(29,'fac-5723631010','quo-qui-veniam-culpa-et-totam','2022-08-16','13:17:00',2.20,'8','quo-qui-veniam-culpa-et-totamcdr','quo-qui-veniam-culpa-et-totamxml','10096496883','guia-27687219','2022-08-19',NULL,'2022-08-15 15:58:01','2022-08-15 15:58:01'),(30,'fac-3943551713','optio-dolor-enim-id-unde','2022-08-18','21:21:00',0.60,'3','optio-dolor-enim-id-undecdr','optio-dolor-enim-id-undexml','68520152512','guia-99592910','2022-09-03',NULL,'2022-08-15 15:58:01','2022-08-15 15:58:01'),(31,'fac-4675598910','distinctio-placeat-et-dolor-officia-consequatur-quod-at-dicta','2022-08-20','23:50:00',4.30,'5','distinctio-placeat-et-dolor-officia-consequatur-quod-at-dictacdr','distinctio-placeat-et-dolor-officia-consequatur-quod-at-dictaxml','18639038488','guia-50479220','2022-08-21',NULL,'2022-08-15 15:58:01','2022-08-15 15:58:01'),(32,'fac-1548884910','ab-aut-ullam-necessitatibus-esse','2022-08-16','20:30:00',5.70,'1','ab-aut-ullam-necessitatibus-essecdr','ab-aut-ullam-necessitatibus-essexml','54474367768','guia-86518918','2022-09-03',NULL,'2022-08-15 15:58:01','2022-08-15 15:58:01'),(33,'fac-4997182318','eveniet-consequuntur-occaecati-aut-sed','2022-08-17','10:15:00',5.90,'7','eveniet-consequuntur-occaecati-aut-sedcdr','eveniet-consequuntur-occaecati-aut-sedxml','84123954636','guia-66868717','2022-08-22',NULL,'2022-08-15 15:58:01','2022-08-15 15:58:01'),(34,'fac-6246814714','et-maxime-sequi-eum-fugiat-dolore','2022-08-17','23:02:00',9.40,'7','et-maxime-sequi-eum-fugiat-dolorecdr','et-maxime-sequi-eum-fugiat-dolorexml','47704328114','guia-87908110','2022-09-03',NULL,'2022-08-15 15:58:01','2022-08-15 15:58:01'),(35,'fac-3798351111','non-nisi-architecto-et-quae','2022-08-15','18:06:00',6.20,'10','non-nisi-architecto-et-quaecdr','non-nisi-architecto-et-quaexml','40787331363','guia-84494720','2022-08-22',NULL,'2022-08-15 15:58:01','2022-08-15 15:58:01'),(36,'fac-5586903418','rerum-consequuntur-eum-optio','2022-08-16','04:51:00',2.10,'7','rerum-consequuntur-eum-optiocdr','rerum-consequuntur-eum-optioxml','21399593057','guia-10311014','2022-08-21',NULL,'2022-08-15 15:58:01','2022-08-15 15:58:01'),(37,'fac-3408985419','dignissimos-veniam-minus-incidunt-aut','2022-08-16','22:13:00',6.80,'2','dignissimos-veniam-minus-incidunt-autcdr','dignissimos-veniam-minus-incidunt-autxml','30621856858','guia-91564912','2022-08-22',NULL,'2022-08-15 15:58:01','2022-08-15 15:58:01'),(38,'fac-8312572520','sapiente-deserunt-numquam-aliquid-veniam-sed','2022-08-16','09:09:00',8.10,'3','sapiente-deserunt-numquam-aliquid-veniam-sedcdr','sapiente-deserunt-numquam-aliquid-veniam-sedxml','98090674026','guia-20510111','2022-08-23',NULL,'2022-08-15 15:58:01','2022-08-15 15:58:01'),(39,'fac-7373881817','dolores-voluptatem-facilis-voluptatem-nemo-reiciendis-animi-laborum','2022-08-16','21:40:00',4.80,'9','dolores-voluptatem-facilis-voluptatem-nemo-reiciendis-animi-laborumcdr','dolores-voluptatem-facilis-voluptatem-nemo-reiciendis-animi-laborumxml','91991757841','guia-74121512','2022-08-17',NULL,'2022-08-15 15:58:01','2022-08-15 15:58:01'),(40,'fac-3273623514','ea-aut-ducimus-deserunt-blanditiis-aut-velit-illo','2022-08-20','20:36:00',5.80,'9','ea-aut-ducimus-deserunt-blanditiis-aut-velit-illocdr','ea-aut-ducimus-deserunt-blanditiis-aut-velit-illoxml','67751340521','guia-90849510','2022-08-28',NULL,'2022-08-15 15:58:01','2022-08-15 15:58:01'),(41,'fac-6361167911','repellat-enim-ut-sit-nesciunt-ea-nihil-ipsam','2022-08-20','04:47:00',7.80,'3','repellat-enim-ut-sit-nesciunt-ea-nihil-ipsamcdr','repellat-enim-ut-sit-nesciunt-ea-nihil-ipsamxml','40960204112','guia-59746320','2022-08-18',NULL,'2022-08-15 15:58:01','2022-08-15 15:58:01'),(42,'fac-1988310216','assumenda-qui-ratione-velit-reiciendis-eius','2022-08-17','23:14:00',6.60,'4','assumenda-qui-ratione-velit-reiciendis-eiuscdr','assumenda-qui-ratione-velit-reiciendis-eiusxml','28510584787','guia-65658918','2022-08-17',NULL,'2022-08-15 15:58:01','2022-08-15 15:58:01'),(43,'fac-4271515719','commodi-corporis-cum-aspernatur-rerum-quo-fugiat-officiis','2022-08-19','00:40:00',3.00,'5','commodi-corporis-cum-aspernatur-rerum-quo-fugiat-officiiscdr','commodi-corporis-cum-aspernatur-rerum-quo-fugiat-officiisxml','77532546972','guia-28830914','2022-08-19',NULL,'2022-08-15 15:58:01','2022-08-15 15:58:01'),(44,'fac-8341758914','eum-dolores-veritatis-molestiae-alias','2022-08-15','09:37:00',0.90,'2','eum-dolores-veritatis-molestiae-aliascdr','eum-dolores-veritatis-molestiae-aliasxml','36778794947','guia-85382312','2022-08-17',NULL,'2022-08-15 15:58:01','2022-08-15 15:58:01'),(45,'fac-5383679016','est-aperiam-perspiciatis-praesentium-atque-odit-minus','2022-08-15','11:25:00',2.90,'8','est-aperiam-perspiciatis-praesentium-atque-odit-minuscdr','est-aperiam-perspiciatis-praesentium-atque-odit-minusxml','28437440822','guia-95514917','2022-08-18',NULL,'2022-08-15 15:58:01','2022-08-15 15:58:01'),(46,'fac-6024429215','laboriosam-ratione-architecto-consequatur-sunt-atque-sit','2022-08-19','16:15:00',8.00,'2','laboriosam-ratione-architecto-consequatur-sunt-atque-sitcdr','laboriosam-ratione-architecto-consequatur-sunt-atque-sitxml','85907626160','guia-96599915','2022-08-17',NULL,'2022-08-15 15:58:01','2022-08-15 15:58:01'),(47,'fac-2387567413','esse-vero-nobis-itaque-libero-aliquid','2022-08-17','18:34:00',8.20,'3','esse-vero-nobis-itaque-libero-aliquidcdr','esse-vero-nobis-itaque-libero-aliquidxml','57950577458','guia-26186411','2022-08-28',NULL,'2022-08-15 15:58:01','2022-08-15 15:58:01'),(48,'fac-8483159110','sit-pariatur-voluptas-ea-ex-expedita-et-eos','2022-08-15','22:56:00',1.70,'8','sit-pariatur-voluptas-ea-ex-expedita-et-eoscdr','sit-pariatur-voluptas-ea-ex-expedita-et-eosxml','33181353459','guia-93206610','2022-08-17',NULL,'2022-08-15 15:58:01','2022-08-15 15:58:01'),(49,'fac-4469950915','qui-quos-quis-numquam-aperiam-qui-omnis-consequatur','2022-08-15','15:04:00',8.90,'4','qui-quos-quis-numquam-aperiam-qui-omnis-consequaturcdr','qui-quos-quis-numquam-aperiam-qui-omnis-consequaturxml','50442785052','guia-24145315','2022-08-16',NULL,'2022-08-15 15:58:01','2022-08-15 15:58:01'),(50,'fac-6608193111','corporis-facere-numquam-in-consequatur-ullam-qui-reiciendis','2022-08-17','23:13:00',4.60,'9','corporis-facere-numquam-in-consequatur-ullam-qui-reiciendiscdr','corporis-facere-numquam-in-consequatur-ullam-qui-reiciendisxml','39547651779','guia-42955713','2022-09-03',NULL,'2022-08-15 15:58:01','2022-08-15 15:58:01');
/*!40000 ALTER TABLE `orderheaders` ENABLE KEYS */;
UNLOCK TABLES;

--
-- Table structure for table `orderstatus`
--

DROP TABLE IF EXISTS `orderstatus`;
/*!40101 SET @saved_cs_client     = @@character_set_client */;
/*!50503 SET character_set_client = utf8mb4 */;
CREATE TABLE `orderstatus` (
  `id` bigint unsigned NOT NULL AUTO_INCREMENT,
  `day_star` date NOT NULL,
  `time_star` time NOT NULL,
  `user_id` bigint unsigned DEFAULT NULL,
  `orderheader_id` bigint unsigned NOT NULL,
  `statu_id` bigint unsigned DEFAULT NULL,
  `created_at` timestamp NULL DEFAULT NULL,
  `updated_at` timestamp NULL DEFAULT NULL,
  PRIMARY KEY (`id`),
  KEY `orderstatus_user_id_foreign` (`user_id`),
  KEY `orderstatus_orderheader_id_foreign` (`orderheader_id`),
  KEY `orderstatus_statu_id_foreign` (`statu_id`),
  CONSTRAINT `orderstatus_orderheader_id_foreign` FOREIGN KEY (`orderheader_id`) REFERENCES `orderheaders` (`id`) ON DELETE CASCADE,
  CONSTRAINT `orderstatus_statu_id_foreign` FOREIGN KEY (`statu_id`) REFERENCES `status` (`id`) ON DELETE SET NULL,
  CONSTRAINT `orderstatus_user_id_foreign` FOREIGN KEY (`user_id`) REFERENCES `users` (`id`) ON DELETE SET NULL
) ENGINE=InnoDB AUTO_INCREMENT=51 DEFAULT CHARSET=utf8mb3 COLLATE=utf8_unicode_ci;
/*!40101 SET character_set_client = @saved_cs_client */;

--
-- Dumping data for table `orderstatus`
--

LOCK TABLES `orderstatus` WRITE;
/*!40000 ALTER TABLE `orderstatus` DISABLE KEYS */;
INSERT INTO `orderstatus` VALUES (1,'2022-08-18','19:00:00',1,1,6,'2022-08-15 15:58:01','2022-08-15 15:58:01'),(2,'2022-08-19','00:51:00',5,2,2,'2022-08-15 15:58:01','2022-08-15 15:58:01'),(3,'2022-08-18','01:05:00',2,3,5,'2022-08-15 15:58:01','2022-08-15 15:58:01'),(4,'2022-08-20','11:59:00',4,4,5,'2022-08-15 15:58:01','2022-08-15 15:58:01'),(5,'2022-08-19','02:31:00',6,5,9,'2022-08-15 15:58:01','2022-08-15 15:58:01'),(6,'2022-08-17','06:23:00',5,6,5,'2022-08-15 15:58:01','2022-08-15 15:58:01'),(7,'2022-08-20','01:45:00',4,7,1,'2022-08-15 15:58:01','2022-08-15 15:58:01'),(8,'2022-08-18','01:06:00',2,8,8,'2022-08-15 15:58:01','2022-08-15 15:58:01'),(9,'2022-08-19','03:13:00',2,9,6,'2022-08-15 15:58:01','2022-08-15 15:58:01'),(10,'2022-08-17','11:10:00',1,10,7,'2022-08-15 15:58:01','2022-08-15 15:58:01'),(11,'2022-08-15','22:55:00',4,11,NULL,'2022-08-15 15:58:01','2022-08-15 15:58:01'),(12,'2022-08-17','14:53:00',5,12,3,'2022-08-15 15:58:01','2022-08-15 15:58:01'),(13,'2022-08-17','21:25:00',2,13,7,'2022-08-15 15:58:01','2022-08-15 15:58:01'),(14,'2022-08-18','15:28:00',6,14,5,'2022-08-15 15:58:01','2022-08-15 15:58:01'),(15,'2022-08-17','01:24:00',6,15,8,'2022-08-15 15:58:01','2022-08-15 15:58:01'),(16,'2022-08-18','09:32:00',2,16,1,'2022-08-15 15:58:01','2022-08-15 15:58:01'),(17,'2022-08-20','00:00:00',1,17,2,'2022-08-15 15:58:01','2022-08-15 15:58:01'),(18,'2022-08-16','05:40:00',1,18,2,'2022-08-15 15:58:01','2022-08-15 15:58:01'),(19,'2022-08-17','18:35:00',2,19,1,'2022-08-15 15:58:01','2022-08-15 15:58:01'),(20,'2022-08-16','08:55:00',4,20,2,'2022-08-15 15:58:01','2022-08-15 15:58:01'),(21,'2022-08-16','08:20:00',5,21,NULL,'2022-08-15 15:58:01','2022-08-15 15:58:01'),(22,'2022-08-16','07:26:00',6,22,7,'2022-08-15 15:58:01','2022-08-15 15:58:01'),(23,'2022-08-19','07:29:00',3,23,1,'2022-08-15 15:58:01','2022-08-15 15:58:01'),(24,'2022-08-17','13:38:00',6,24,9,'2022-08-15 15:58:01','2022-08-15 15:58:01'),(25,'2022-08-16','18:14:00',3,25,8,'2022-08-15 15:58:01','2022-08-15 15:58:01'),(26,'2022-08-16','18:17:00',1,26,2,'2022-08-15 15:58:01','2022-08-15 15:58:01'),(27,'2022-08-18','10:02:00',5,27,9,'2022-08-15 15:58:01','2022-08-15 15:58:01'),(28,'2022-08-19','14:41:00',2,28,7,'2022-08-15 15:58:01','2022-08-15 15:58:01'),(29,'2022-08-16','13:17:00',3,29,8,'2022-08-15 15:58:01','2022-08-15 15:58:01'),(30,'2022-08-18','21:21:00',3,30,3,'2022-08-15 15:58:01','2022-08-15 15:58:01'),(31,'2022-08-20','23:50:00',5,31,5,'2022-08-15 15:58:01','2022-08-15 15:58:01'),(32,'2022-08-16','20:30:00',2,32,1,'2022-08-15 15:58:01','2022-08-15 15:58:01'),(33,'2022-08-17','10:15:00',2,33,7,'2022-08-15 15:58:01','2022-08-15 15:58:01'),(34,'2022-08-17','23:02:00',6,34,7,'2022-08-15 15:58:01','2022-08-15 15:58:01'),(35,'2022-08-15','18:06:00',3,35,NULL,'2022-08-15 15:58:01','2022-08-15 15:58:01'),(36,'2022-08-16','04:51:00',4,36,7,'2022-08-15 15:58:01','2022-08-15 15:58:01'),(37,'2022-08-16','22:13:00',5,37,2,'2022-08-15 15:58:01','2022-08-15 15:58:01'),(38,'2022-08-16','09:09:00',2,38,3,'2022-08-15 15:58:01','2022-08-15 15:58:01'),(39,'2022-08-16','21:40:00',6,39,9,'2022-08-15 15:58:01','2022-08-15 15:58:01'),(40,'2022-08-20','20:36:00',4,40,9,'2022-08-15 15:58:01','2022-08-15 15:58:01'),(41,'2022-08-20','04:47:00',1,41,3,'2022-08-15 15:58:01','2022-08-15 15:58:01'),(42,'2022-08-17','23:14:00',3,42,4,'2022-08-15 15:58:01','2022-08-15 15:58:01'),(43,'2022-08-19','00:40:00',5,43,5,'2022-08-15 15:58:01','2022-08-15 15:58:01'),(44,'2022-08-15','09:37:00',6,44,2,'2022-08-15 15:58:01','2022-08-15 15:58:01'),(45,'2022-08-15','11:25:00',1,45,8,'2022-08-15 15:58:01','2022-08-15 15:58:01'),(46,'2022-08-19','16:15:00',1,46,2,'2022-08-15 15:58:01','2022-08-15 15:58:01'),(47,'2022-08-17','18:34:00',5,47,3,'2022-08-15 15:58:01','2022-08-15 15:58:01'),(48,'2022-08-15','22:56:00',5,48,8,'2022-08-15 15:58:01','2022-08-15 15:58:01'),(49,'2022-08-15','15:04:00',5,49,4,'2022-08-15 15:58:01','2022-08-15 15:58:01'),(50,'2022-08-17','23:13:00',4,50,9,'2022-08-15 15:58:01','2022-08-15 15:58:01');
/*!40000 ALTER TABLE `orderstatus` ENABLE KEYS */;
UNLOCK TABLES;

--
-- Table structure for table `password_resets`
--

DROP TABLE IF EXISTS `password_resets`;
/*!40101 SET @saved_cs_client     = @@character_set_client */;
/*!50503 SET character_set_client = utf8mb4 */;
CREATE TABLE `password_resets` (
  `email` varchar(255) COLLATE utf8_unicode_ci NOT NULL,
  `token` varchar(255) COLLATE utf8_unicode_ci NOT NULL,
  `created_at` timestamp NULL DEFAULT NULL,
  KEY `password_resets_email_index` (`email`)
) ENGINE=InnoDB DEFAULT CHARSET=utf8mb3 COLLATE=utf8_unicode_ci;
/*!40101 SET character_set_client = @saved_cs_client */;

--
-- Dumping data for table `password_resets`
--

LOCK TABLES `password_resets` WRITE;
/*!40000 ALTER TABLE `password_resets` DISABLE KEYS */;
INSERT INTO `password_resets` VALUES ('admin@gmail.com','$2y$10$Kdkz34kvv2JMWSdAFbqRM.CXV9yfqdnGoTdiz42xm9RFWq/ih6H1e','2022-08-17 14:37:33');
/*!40000 ALTER TABLE `password_resets` ENABLE KEYS */;
UNLOCK TABLES;

--
-- Table structure for table `personal_access_tokens`
--

DROP TABLE IF EXISTS `personal_access_tokens`;
/*!40101 SET @saved_cs_client     = @@character_set_client */;
/*!50503 SET character_set_client = utf8mb4 */;
CREATE TABLE `personal_access_tokens` (
  `id` bigint unsigned NOT NULL AUTO_INCREMENT,
  `tokenable_type` varchar(255) COLLATE utf8_unicode_ci NOT NULL,
  `tokenable_id` bigint unsigned NOT NULL,
  `name` varchar(255) COLLATE utf8_unicode_ci NOT NULL,
  `token` varchar(64) COLLATE utf8_unicode_ci NOT NULL,
  `abilities` text COLLATE utf8_unicode_ci,
  `last_used_at` timestamp NULL DEFAULT NULL,
  `created_at` timestamp NULL DEFAULT NULL,
  `updated_at` timestamp NULL DEFAULT NULL,
  PRIMARY KEY (`id`),
  UNIQUE KEY `personal_access_tokens_token_unique` (`token`),
  KEY `personal_access_tokens_tokenable_type_tokenable_id_index` (`tokenable_type`,`tokenable_id`)
) ENGINE=InnoDB DEFAULT CHARSET=utf8mb3 COLLATE=utf8_unicode_ci;
/*!40101 SET character_set_client = @saved_cs_client */;

--
-- Dumping data for table `personal_access_tokens`
--

LOCK TABLES `personal_access_tokens` WRITE;
/*!40000 ALTER TABLE `personal_access_tokens` DISABLE KEYS */;
/*!40000 ALTER TABLE `personal_access_tokens` ENABLE KEYS */;
UNLOCK TABLES;

--
-- Table structure for table `products`
--

DROP TABLE IF EXISTS `products`;
/*!40101 SET @saved_cs_client     = @@character_set_client */;
/*!50503 SET character_set_client = utf8mb4 */;
CREATE TABLE `products` (
  `id` bigint unsigned NOT NULL AUTO_INCREMENT,
  `sku` varchar(255) COLLATE utf8_unicode_ci DEFAULT NULL,
  `code` varchar(255) COLLATE utf8_unicode_ci NOT NULL,
  `name` varchar(255) COLLATE utf8_unicode_ci DEFAULT NULL,
  `description` varchar(255) COLLATE utf8_unicode_ci DEFAULT NULL,
  `slug` varchar(255) COLLATE utf8_unicode_ci DEFAULT NULL,
  `price` decimal(11,2) DEFAULT NULL,
  `pricebase` decimal(11,2) DEFAULT NULL,
  `isc` decimal(11,2) DEFAULT NULL,
  `igv` char(1) COLLATE utf8_unicode_ci DEFAULT NULL,
  `stock` char(1) COLLATE utf8_unicode_ci DEFAULT NULL,
  `status` char(1) COLLATE utf8_unicode_ci NOT NULL DEFAULT '1',
  `path_image` varchar(255) COLLATE utf8_unicode_ci DEFAULT NULL,
  `branchoffice_id` bigint unsigned DEFAULT NULL,
  `created_at` timestamp NULL DEFAULT NULL,
  `updated_at` timestamp NULL DEFAULT NULL,
  PRIMARY KEY (`id`),
  KEY `products_branchoffice_id_foreign` (`branchoffice_id`),
  CONSTRAINT `products_branchoffice_id_foreign` FOREIGN KEY (`branchoffice_id`) REFERENCES `branchoffices` (`id`) ON DELETE SET NULL
) ENGINE=InnoDB AUTO_INCREMENT=103 DEFAULT CHARSET=utf8mb3 COLLATE=utf8_unicode_ci;
/*!40101 SET character_set_client = @saved_cs_client */;

--
-- Dumping data for table `products`
--

LOCK TABLES `products` WRITE;
/*!40000 ALTER TABLE `products` DISABLE KEYS */;
INSERT INTO `products` VALUES (1,'690355962263','32430836','Eveniet placeat aut.','Laboriosam et dolorum corrupti placeat.','eveniet-placeat-aut',5.80,18.50,47.30,'1','1','1','sin-foto.jpg',1,'2022-08-15 15:58:01','2022-08-15 15:58:01'),(2,'665320994670','65882853','Provident iure enim.','Vel qui ea.','provident-iure-enim',887.10,59.60,85.30,'1','1','1','sin-foto.jpg',1,'2022-08-15 15:58:01','2022-08-15 15:58:01'),(3,'595155689062','62193272','Omnis ea ipsam.','Sit vel illo et.','omnis-ea-ipsam',766.50,5.70,60.50,'1','1','0','sin-foto.jpg',1,'2022-08-15 15:58:01','2022-08-15 15:58:01'),(4,'754228248094','83638738','Voluptas et dolorem quia.','Hic officia neque.','voluptas-et-dolorem-quia',798.20,77.60,72.00,'1','1','1','sin-foto.jpg',1,'2022-08-15 15:58:01','2022-08-15 15:58:01'),(5,'237031971366','95879923','Quisquam ipsa et quam.','Quos repudiandae enim.','quisquam-ipsa-et-quam',1.00,99.60,42.50,'1','1','1','sin-foto.jpg',1,'2022-08-15 15:58:01','2022-08-15 15:58:01'),(6,'645234325383','24219563','Ipsum odio nisi aut.','Totam illum doloremque vero nostrum sint.','ipsum-odio-nisi-aut',48.80,5.30,88.20,'1','1','0','sin-foto.jpg',1,'2022-08-15 15:58:01','2022-08-15 15:58:01'),(7,'834495916155','21551293','Iste omnis sint distinctio.','Eos natus maxime quo nihil quidem.','iste-omnis-sint-distinctio',875.40,61.30,34.20,'1','1','1','sin-foto.jpg',1,'2022-08-15 15:58:01','2022-08-15 15:58:01'),(8,'587683516838','87453871','Vero et eum necessitatibus.','Sit animi provident commodi quam.','vero-et-eum-necessitatibus',877.50,5.50,47.00,'1','1','1','sin-foto.jpg',1,'2022-08-15 15:58:01','2022-08-15 15:58:01'),(9,'415393957014','86784485','Praesentium autem voluptatem id.','Itaque magni quis dolorum enim.','praesentium-autem-voluptatem-id',256.70,82.80,30.30,'1','1','0','sin-foto.jpg',1,'2022-08-15 15:58:01','2022-08-15 15:58:01'),(10,'477485417649','49623864','Voluptas praesentium perferendis corrupti.','Neque odio facilis.','voluptas-praesentium-perferendis-corrupti',769.80,64.60,26.30,'1','1','1','sin-foto.jpg',1,'2022-08-15 15:58:01','2022-08-15 15:58:01'),(11,'508957527574','73287653','Illo quo nulla.','Dolorem quo voluptatem dolorem.','illo-quo-nulla',381.70,46.80,79.80,'1','1','1','sin-foto.jpg',1,'2022-08-15 15:58:01','2022-08-15 15:58:01'),(12,'161897329245','73595781','Voluptatem nihil veniam.','Minus nostrum voluptatum quo aut.','voluptatem-nihil-veniam',604.00,64.40,90.90,'1','1','1','sin-foto.jpg',1,'2022-08-15 15:58:01','2022-08-15 15:58:01'),(13,'114403042628','46313438','Optio enim quo.','In illum non et.','optio-enim-quo',392.60,81.00,79.70,'1','1','0','sin-foto.jpg',1,'2022-08-15 15:58:01','2022-08-15 15:58:01'),(14,'402704069846','44995070','Ipsam aut qui commodi.','Minima et iusto velit.','ipsam-aut-qui-commodi',855.70,49.40,57.70,'1','1','1','sin-foto.jpg',1,'2022-08-15 15:58:01','2022-08-15 15:58:01'),(15,'523392878784','62119627','Vel esse.','Dicta voluptatem id quo esse.','vel-esse',443.90,99.30,20.70,'1','1','1','sin-foto.jpg',1,'2022-08-15 15:58:01','2022-08-15 15:58:01'),(16,'459789415418','72446156','Voluptas ducimus in aut.','Harum adipisci minima mollitia.','voluptas-ducimus-in-aut',605.40,35.90,71.40,'1','1','1','sin-foto.jpg',1,'2022-08-15 15:58:01','2022-08-15 15:58:01'),(17,'540499897097','34237363','Ullam eveniet nihil.','Perferendis fugiat omnis nihil eveniet.','ullam-eveniet-nihil',123.30,50.50,17.80,'1','1','0','sin-foto.jpg',1,'2022-08-15 15:58:01','2022-08-15 15:58:01'),(18,'698540580171','34400474','Soluta exercitationem qui.','Debitis voluptates qui blanditiis velit.','soluta-exercitationem-qui',906.40,49.80,54.20,'1','1','1','sin-foto.jpg',1,'2022-08-15 15:58:01','2022-08-15 15:58:01'),(19,'175017530570','39961990','Nisi consequatur saepe officia.','Iure aliquid est.','nisi-consequatur-saepe-officia',706.10,47.40,55.20,'1','1','1','sin-foto.jpg',1,'2022-08-15 15:58:01','2022-08-15 15:58:01'),(20,'343548642522','24583793','Et quaerat voluptatem.','Velit tenetur voluptatibus voluptas.','et-quaerat-voluptatem',966.10,31.10,95.10,'1','1','0','sin-foto.jpg',1,'2022-08-15 15:58:01','2022-08-15 15:58:01'),(21,'491314099568','84764216','Distinctio ut fuga.','Porro ad et eius labore possimus.','distinctio-ut-fuga',984.40,44.30,66.20,'1','1','1','sin-foto.jpg',1,'2022-08-15 15:58:01','2022-08-15 15:58:01'),(22,'860610567271','91401523','Quidem impedit assumenda sapiente quod.','Quod sit ipsa sunt non provident.','quidem-impedit-assumenda-sapiente-quod',844.70,83.60,14.40,'1','1','1','sin-foto.jpg',1,'2022-08-15 15:58:01','2022-08-15 15:58:01'),(23,'862151230522','73689543','Placeat qui aliquid.','Consequatur asperiores illum quae.','placeat-qui-aliquid',911.70,42.60,57.60,'1','1','0','sin-foto.jpg',1,'2022-08-15 15:58:01','2022-08-15 15:58:01'),(24,'765660389929','96467388','Eveniet dolores atque.','Fugiat sit reiciendis consequatur.','eveniet-dolores-atque',799.30,89.20,69.30,'1','1','1','sin-foto.jpg',1,'2022-08-15 15:58:01','2022-08-15 15:58:01'),(25,'941616997469','77233064','Nemo est nostrum consectetur.','Soluta ipsam dignissimos nam soluta.','nemo-est-nostrum-consectetur',613.40,43.70,71.80,'1','1','0','sin-foto.jpg',1,'2022-08-15 15:58:01','2022-08-15 15:58:01'),(26,'321917412794','97265989','Quidem vel omnis.','Aut non eius a.','quidem-vel-omnis',516.90,32.60,92.90,'1','1','1','sin-foto.jpg',1,'2022-08-15 15:58:01','2022-08-15 15:58:01'),(27,'720978501365','61024422','Id qui ipsam nemo.','Aspernatur non minima sunt consequuntur eum.','id-qui-ipsam-nemo',610.40,35.90,71.90,'1','1','1','sin-foto.jpg',1,'2022-08-15 15:58:01','2022-08-15 15:58:01'),(28,'431278913374','34593657','Ut odit laborum at.','Voluptatibus qui nemo aliquid accusantium.','ut-odit-laborum-at',97.10,25.10,92.20,'1','1','1','sin-foto.jpg',1,'2022-08-15 15:58:01','2022-08-15 15:58:01'),(29,'626952507425','92267112','Dolor voluptatem.','Occaecati ab sed ea minus unde.','dolor-voluptatem',733.20,0.10,73.10,'1','1','1','sin-foto.jpg',1,'2022-08-15 15:58:01','2022-08-15 15:58:01'),(30,'802365532478','21640613','Assumenda vero dignissimos.','Vero vero nesciunt voluptas.','assumenda-vero-dignissimos',499.00,89.30,36.90,'1','1','1','sin-foto.jpg',1,'2022-08-15 15:58:01','2022-08-15 15:58:01'),(31,'719769059926','22559297','Qui impedit quidem aliquid dolorem.','Blanditiis aspernatur enim iure quo.','qui-impedit-quidem-aliquid-dolorem',644.30,29.30,13.80,'1','1','1','sin-foto.jpg',1,'2022-08-15 15:58:01','2022-08-15 15:58:01'),(32,'613824210155','56440036','Dolorem exercitationem illum et.','Porro qui molestiae esse.','dolorem-exercitationem-illum-et',95.70,72.20,58.30,'1','1','1','sin-foto.jpg',1,'2022-08-15 15:58:01','2022-08-15 15:58:01'),(33,'486542614125','55911837','Repudiandae tempora alias.','Quisquam ea possimus eveniet.','repudiandae-tempora-alias',84.60,46.10,90.00,'1','1','1','sin-foto.jpg',1,'2022-08-15 15:58:01','2022-08-15 15:58:01'),(34,'848881046843','76061858','Dolorem cupiditate aut molestiae.','Et nihil illum pariatur impedit.','dolorem-cupiditate-aut-molestiae',66.50,37.50,2.40,'1','1','1','sin-foto.jpg',1,'2022-08-15 15:58:01','2022-08-15 15:58:01'),(35,'291243401958','74918977','Earum accusamus sunt est.','Provident praesentium et.','earum-accusamus-sunt-est',336.70,91.00,32.20,'1','1','1','sin-foto.jpg',1,'2022-08-15 15:58:01','2022-08-15 15:58:01'),(36,'332733711991','70511019','In ipsum quam dolorem ut.','Repellat nihil nulla tempore perferendis.','in-ipsum-quam-dolorem-ut',499.20,65.40,55.80,'1','1','1','sin-foto.jpg',1,'2022-08-15 15:58:01','2022-08-15 15:58:01'),(37,'809499856521','14339997','Illo aut nobis aut.','Ut esse quo.','illo-aut-nobis-aut',600.20,17.40,80.60,'1','1','1','sin-foto.jpg',1,'2022-08-15 15:58:01','2022-08-15 15:58:01'),(38,'165125240399','44577760','Suscipit iste vero.','Architecto odio repellendus qui voluptatem.','suscipit-iste-vero',847.80,99.70,46.80,'1','1','1','sin-foto.jpg',1,'2022-08-15 15:58:01','2022-08-15 15:58:01'),(39,'198488698344','12593546','Quo quam distinctio facilis.','Molestias temporibus at dolor reprehenderit.','quo-quam-distinctio-facilis',663.10,63.30,17.60,'1','1','1','sin-foto.jpg',1,'2022-08-15 15:58:01','2022-08-15 15:58:01'),(40,'833382497795','82149868','Est et omnis dolores neque.','Tempora fugiat eaque.','est-et-omnis-dolores-neque',959.20,85.10,64.70,'1','1','1','sin-foto.jpg',1,'2022-08-15 15:58:01','2022-08-15 15:58:01'),(41,'957234738619','52274447','Aut soluta tempore.','Ratione non voluptate.','aut-soluta-tempore',734.70,0.00,66.20,'1','1','1','sin-foto.jpg',1,'2022-08-15 15:58:01','2022-08-15 15:58:01'),(42,'793058027945','93479795','Officiis dignissimos ea.','Consequatur rem odit.','officiis-dignissimos-ea',227.90,95.90,45.80,'1','1','1','sin-foto.jpg',1,'2022-08-15 15:58:01','2022-08-15 15:58:01'),(43,'951974199542','90561714','Magni vel quos.','Praesentium quia nihil minima quis.','magni-vel-quos',767.60,29.10,78.00,'1','1','1','sin-foto.jpg',1,'2022-08-15 15:58:01','2022-08-15 15:58:01'),(44,'992807023297','55526789','Et a asperiores dolorum eveniet.','Optio qui officia fugit.','et-a-asperiores-dolorum-eveniet',375.80,45.00,70.60,'1','1','1','sin-foto.jpg',1,'2022-08-15 15:58:01','2022-08-15 15:58:01'),(45,'483113768990','42130482','Ullam magni voluptatem unde.','Neque voluptatem consequuntur est cumque.','ullam-magni-voluptatem-unde',5.90,96.20,52.00,'1','1','1','sin-foto.jpg',1,'2022-08-15 15:58:01','2022-08-15 15:58:01'),(46,'938577531683','36212622','Commodi odit id culpa nemo.','Quia quasi ut distinctio.','commodi-odit-id-culpa-nemo',562.20,17.00,94.50,'1','1','1','sin-foto.jpg',1,'2022-08-15 15:58:01','2022-08-15 15:58:01'),(47,'728349930566','52644640','Eos atque earum magnam.','Asperiores eaque voluptatem.','eos-atque-earum-magnam',760.70,12.10,10.10,'1','1','1','sin-foto.jpg',1,'2022-08-15 15:58:01','2022-08-15 15:58:01'),(48,'144437343782','31794582','Quia illum dolorum accusantium aliquid.','Accusamus est non temporibus.','quia-illum-dolorum-accusantium-aliquid',928.30,52.00,86.60,'1','1','1','sin-foto.jpg',1,'2022-08-15 15:58:01','2022-08-15 15:58:01'),(49,'340782185582','49732978','Asperiores aut.','Aut at aut itaque.','asperiores-aut',439.90,15.20,51.00,'1','1','1','sin-foto.jpg',1,'2022-08-15 15:58:01','2022-08-15 15:58:01'),(50,'528037882922','50676220','Voluptate quos in.','Fugiat qui odit labore.','voluptate-quos-in',266.10,60.50,31.10,'1','1','1','sin-foto.jpg',1,'2022-08-15 15:58:01','2022-08-15 15:58:01'),(51,'846623222391','10818164','Optio quibusdam autem.','Eaque sapiente non quo dignissimos odit.','optio-quibusdam-autem',862.20,94.40,24.70,'1','1','1','sin-foto.jpg',1,'2022-08-15 15:58:01','2022-08-15 15:58:01'),(52,'819751304774','43052951','Itaque magni consequatur.','Aut nesciunt officiis eveniet temporibus.','itaque-magni-consequatur',678.70,25.90,68.70,'1','1','1','sin-foto.jpg',1,'2022-08-15 15:58:01','2022-08-15 15:58:01'),(53,'470235165223','47341398','Nulla voluptas sed assumenda.','Occaecati nam qui saepe sint.','nulla-voluptas-sed-assumenda',271.10,12.40,18.20,'1','1','1','sin-foto.jpg',1,'2022-08-15 15:58:01','2022-08-15 15:58:01'),(54,'589971930311','22929494','Architecto fuga repellat.','Vitae et quis nobis sunt.','architecto-fuga-repellat',27.60,44.70,93.80,'1','1','1','sin-foto.jpg',1,'2022-08-15 15:58:01','2022-08-15 15:58:01'),(55,'634112973616','23860532','Quam consequatur qui sint.','Voluptates sint rerum ducimus tempore.','quam-consequatur-qui-sint',629.40,66.80,96.30,'1','1','1','sin-foto.jpg',1,'2022-08-15 15:58:01','2022-08-15 15:58:01'),(56,'697673788322','53865312','Placeat vel voluptas.','Quisquam quasi cupiditate hic sint.','placeat-vel-voluptas',761.60,89.50,11.10,'1','1','1','sin-foto.jpg',1,'2022-08-15 15:58:01','2022-08-15 15:58:01'),(57,'946751943162','82859266','Animi culpa et.','Ea possimus sit et aut officiis.','animi-culpa-et',951.70,6.10,28.40,'1','1','1','sin-foto.jpg',1,'2022-08-15 15:58:01','2022-08-15 15:58:01'),(58,'168227067751','93944370','Facilis excepturi qui.','In occaecati officiis rerum.','facilis-excepturi-qui',704.20,32.20,0.60,'1','1','1','sin-foto.jpg',1,'2022-08-15 15:58:01','2022-08-15 15:58:01'),(59,'973642931142','60953621','Alias ab dignissimos.','Beatae qui voluptates ex accusamus.','alias-ab-dignissimos',440.40,4.00,66.90,'1','1','1','sin-foto.jpg',1,'2022-08-15 15:58:01','2022-08-15 15:58:01'),(60,'239560725384','68767453','Sed deserunt ab illum.','Laborum sed voluptatum.','sed-deserunt-ab-illum',643.00,21.40,58.10,'1','1','1','sin-foto.jpg',1,'2022-08-15 15:58:01','2022-08-15 15:58:01'),(61,'364703154136','98500968','Itaque perferendis veniam.','Commodi maxime repellat enim.','itaque-perferendis-veniam',523.30,45.10,7.70,'1','1','1','sin-foto.jpg',1,'2022-08-15 15:58:01','2022-08-15 15:58:01'),(62,'213961650563','47244933','Labore repellendus voluptate.','Expedita placeat totam aut.','labore-repellendus-voluptate',497.60,34.20,29.50,'1','1','1','sin-foto.jpg',1,'2022-08-15 15:58:01','2022-08-15 15:58:01'),(63,'160754553459','95164266','Sed ullam mollitia non.','Labore eos accusantium officiis voluptas.','sed-ullam-mollitia-non',80.20,67.60,87.60,'1','1','1','sin-foto.jpg',1,'2022-08-15 15:58:01','2022-08-15 15:58:01'),(64,'900559934241','34410412','Doloribus rerum occaecati ut.','Quia sequi qui praesentium laborum qui.','doloribus-rerum-occaecati-ut',620.30,66.00,62.40,'1','1','1','sin-foto.jpg',1,'2022-08-15 15:58:01','2022-08-15 15:58:01'),(65,'745836300244','68000849','Maiores sint consequatur.','Tempore sit minima.','maiores-sint-consequatur',178.00,73.30,73.90,'1','1','1','sin-foto.jpg',1,'2022-08-15 15:58:01','2022-08-15 15:58:01'),(66,'716053609645','42918799','Facilis perferendis maxime ut.','Molestiae ea vel perspiciatis molestiae non.','facilis-perferendis-maxime-ut',672.40,79.30,63.70,'1','1','1','sin-foto.jpg',1,'2022-08-15 15:58:01','2022-08-15 15:58:01'),(67,'308299345473','93021297','Velit sapiente nam.','Quas sed natus.','velit-sapiente-nam',233.70,69.40,68.10,'1','1','1','sin-foto.jpg',1,'2022-08-15 15:58:01','2022-08-15 15:58:01'),(68,'962901250025','90482110','Unde fugit modi ipsum et.','Et accusamus eius magnam rerum.','unde-fugit-modi-ipsum-et',154.70,44.90,50.10,'1','1','1','sin-foto.jpg',1,'2022-08-15 15:58:01','2022-08-15 15:58:01'),(69,'735312207881','46822674','Error est.','Tempore ut et quas sit.','error-est',574.60,47.90,64.80,'1','1','1','sin-foto.jpg',1,'2022-08-15 15:58:01','2022-08-15 15:58:01'),(70,'836256477335','48960612','Nam voluptas nemo.','Eum aut impedit sequi.','nam-voluptas-nemo',428.30,35.20,27.40,'1','1','1','sin-foto.jpg',1,'2022-08-15 15:58:01','2022-08-15 15:58:01'),(71,'718450984973','89928856','Quis incidunt sunt.','Qui soluta commodi ut.','quis-incidunt-sunt',920.70,32.10,49.90,'1','1','1','sin-foto.jpg',1,'2022-08-15 15:58:01','2022-08-15 15:58:01'),(72,'249613714692','22827156','Maxime architecto ullam.','Fuga quibusdam id.','maxime-architecto-ullam',51.60,26.00,28.00,'1','1','1','sin-foto.jpg',1,'2022-08-15 15:58:01','2022-08-15 15:58:01'),(73,'762015314098','99117267','Tempore fugit quo sapiente.','Earum omnis accusamus enim sit.','tempore-fugit-quo-sapiente',61.30,24.20,38.90,'1','1','1','sin-foto.jpg',1,'2022-08-15 15:58:01','2022-08-15 15:58:01'),(74,'519581115587','90680043','Natus ipsum quod.','Fuga magni rerum sed facilis.','natus-ipsum-quod',935.70,75.00,45.20,'1','1','1','sin-foto.jpg',1,'2022-08-15 15:58:01','2022-08-15 15:58:01'),(75,'492690606893','97347484','Exercitationem autem minima.','Adipisci neque quibusdam debitis quis.','exercitationem-autem-minima',246.00,48.70,79.60,'1','1','1','sin-foto.jpg',1,'2022-08-15 15:58:01','2022-08-15 15:58:01'),(76,'390211389328','79922199','Sit et dignissimos harum.','Ut voluptatem distinctio.','sit-et-dignissimos-harum',956.40,74.90,43.80,'1','1','1','sin-foto.jpg',1,'2022-08-15 15:58:01','2022-08-15 15:58:01'),(77,'242385694712','84468569','Neque aut ipsam.','Qui fugiat et earum.','neque-aut-ipsam',585.50,53.60,93.30,'1','1','1','sin-foto.jpg',1,'2022-08-15 15:58:01','2022-08-15 15:58:01'),(78,'360668944846','95259264','Officiis laboriosam.','Temporibus molestias nisi dolorem eum.','officiis-laboriosam',254.70,27.40,31.60,'1','1','1','sin-foto.jpg',1,'2022-08-15 15:58:01','2022-08-15 15:58:01'),(79,'137924193072','82632953','Consequatur rerum et rerum.','Doloremque eligendi voluptatum quasi.','consequatur-rerum-et-rerum',336.90,69.40,17.00,'1','1','1','sin-foto.jpg',1,'2022-08-15 15:58:01','2022-08-15 15:58:01'),(80,'703022546911','28564190','Illo consectetur sit.','Excepturi assumenda repudiandae harum.','illo-consectetur-sit',692.40,2.40,67.30,'1','1','1','sin-foto.jpg',1,'2022-08-15 15:58:01','2022-08-15 15:58:01'),(81,'423137558169','62083425','Repellat natus quis commodi sunt.','Libero porro cumque.','repellat-natus-quis-commodi-sunt',653.20,41.00,23.40,'1','1','1','sin-foto.jpg',1,'2022-08-15 15:58:02','2022-08-15 15:58:02'),(82,'628869694026','13096889','Ut facilis nam.','Commodi recusandae qui et molestiae.','ut-facilis-nam',319.00,9.00,0.10,'1','1','1','sin-foto.jpg',1,'2022-08-15 15:58:02','2022-08-15 15:58:02'),(83,'695428049038','99171270','Incidunt excepturi omnis.','Ipsum ea quas occaecati harum rem.','incidunt-excepturi-omnis',752.70,28.00,73.30,'1','1','1','sin-foto.jpg',1,'2022-08-15 15:58:02','2022-08-15 15:58:02'),(84,'500504633431','77083326','Modi quis porro enim.','Velit est fugiat et tenetur labore.','modi-quis-porro-enim',785.80,69.70,53.50,'1','1','1','sin-foto.jpg',1,'2022-08-15 15:58:02','2022-08-15 15:58:02'),(85,'200028263291','89644273','Soluta alias et.','Ipsam id non quasi amet accusantium.','soluta-alias-et',954.60,99.40,71.60,'1','1','1','sin-foto.jpg',1,'2022-08-15 15:58:02','2022-08-15 15:58:02'),(86,'980369868073','50996822','Enim et culpa tenetur.','Est inventore dolor voluptatum aut.','enim-et-culpa-tenetur',975.50,10.20,21.30,'1','1','1','sin-foto.jpg',1,'2022-08-15 15:58:02','2022-08-15 15:58:02'),(87,'633529899262','58885975','Aliquam voluptatem est nesciunt.','Harum ut nisi sit.','aliquam-voluptatem-est-nesciunt',503.30,90.10,89.10,'1','1','1','sin-foto.jpg',1,'2022-08-15 15:58:02','2022-08-15 15:58:02'),(88,'600967036813','91854630','Tenetur aut mollitia.','Explicabo et quam unde.','tenetur-aut-mollitia',141.80,11.80,2.50,'1','1','1','sin-foto.jpg',1,'2022-08-15 15:58:02','2022-08-15 15:58:02'),(89,'432280407770','90678825','Reiciendis libero delectus corrupti.','Quia non ducimus.','reiciendis-libero-delectus-corrupti',121.20,65.90,65.10,'1','1','1','sin-foto.jpg',1,'2022-08-15 15:58:02','2022-08-15 15:58:02'),(90,'475920048367','25688189','Aspernatur tempore cumque.','Nihil voluptatem rerum et at.','aspernatur-tempore-cumque',322.80,49.40,50.40,'1','1','1','sin-foto.jpg',1,'2022-08-15 15:58:02','2022-08-15 15:58:02'),(91,'570584118145','83525720','Accusamus explicabo blanditiis.','Dolorum debitis ipsum repudiandae.','accusamus-explicabo-blanditiis',844.50,47.10,67.70,'1','1','1','sin-foto.jpg',1,'2022-08-15 15:58:02','2022-08-15 15:58:02'),(92,'670939059157','59745765','Laudantium ut consequatur.','Ducimus et non consequatur vitae.','laudantium-ut-consequatur',722.50,23.60,70.10,'1','1','1','sin-foto.jpg',1,'2022-08-15 15:58:02','2022-08-15 15:58:02'),(93,'771645555993','97674514','Dignissimos magnam debitis ut maxime.','Reiciendis eos aut omnis delectus atque.','dignissimos-magnam-debitis-ut-maxime',297.90,8.80,32.50,'1','1','1','sin-foto.jpg',1,'2022-08-15 15:58:02','2022-08-15 15:58:02'),(94,'660124279464','24313823','Animi est.','Consectetur temporibus placeat impedit architecto beatae.','animi-est',26.40,29.20,30.90,'1','1','1','sin-foto.jpg',1,'2022-08-15 15:58:02','2022-08-15 15:58:02'),(95,'667917864937','95784388','Deserunt ab.','Autem aut officia repudiandae velit.','deserunt-ab',671.30,86.70,44.70,'1','1','1','sin-foto.jpg',1,'2022-08-15 15:58:02','2022-08-15 15:58:02'),(96,'317617393190','52385340','Maiores ipsam magnam harum.','Dolor et numquam vel.','maiores-ipsam-magnam-harum',368.00,16.30,3.60,'1','1','1','sin-foto.jpg',1,'2022-08-15 15:58:02','2022-08-15 15:58:02'),(97,'353609095988','53222635','Eum cumque tempora perferendis numquam.','Aliquid odio id labore quas.','eum-cumque-tempora-perferendis-numquam',496.90,23.20,30.40,'1','1','1','sin-foto.jpg',1,'2022-08-15 15:58:02','2022-08-15 15:58:02'),(98,'880651209342','17088718','A iure.','Aut illum facilis eaque blanditiis.','a-iure',249.10,76.10,44.40,'1','1','1','sin-foto.jpg',1,'2022-08-15 15:58:02','2022-08-15 15:58:02'),(99,'200219881932','23383376','Laborum minus perferendis facere.','Voluptatibus nihil necessitatibus.','laborum-minus-perferendis-facere',792.10,78.80,95.10,'1','1','1','sin-foto.jpg',1,'2022-08-15 15:58:02','2022-08-15 15:58:02'),(100,'476792842510','19231796','Dolor omnis aut corrupti.','Quo nihil ipsam nobis sit.','dolor-omnis-aut-corrupti',473.90,45.80,9.60,'1','1','1','sin-foto.jpg',1,'2022-08-15 15:58:02','2022-08-15 15:58:02'),(101,'11123294670','ab882853','cigarrillo con pimienta','sabor a pimienta','cigarrillo-con-pimienta',150.99,140.00,15.00,'1','0','1',NULL,1,'2022-08-19 16:35:42','2022-08-19 16:35:42'),(102,'11123294671','ab882854','cigarrillo Electrónico','sabor apiña y menta','cigarrillo-electronico',250.00,200.00,20.00,'0','1','0',NULL,1,'2022-08-19 16:35:42','2022-08-19 16:35:42');
/*!40000 ALTER TABLE `products` ENABLE KEYS */;
UNLOCK TABLES;

--
-- Table structure for table `roles`
--

DROP TABLE IF EXISTS `roles`;
/*!40101 SET @saved_cs_client     = @@character_set_client */;
/*!50503 SET character_set_client = utf8mb4 */;
CREATE TABLE `roles` (
  `id` bigint unsigned NOT NULL AUTO_INCREMENT,
  `name` varchar(255) COLLATE utf8_unicode_ci NOT NULL,
  `created_at` timestamp NULL DEFAULT NULL,
  `updated_at` timestamp NULL DEFAULT NULL,
  PRIMARY KEY (`id`)
) ENGINE=InnoDB AUTO_INCREMENT=4 DEFAULT CHARSET=utf8mb3 COLLATE=utf8_unicode_ci;
/*!40101 SET character_set_client = @saved_cs_client */;

--
-- Dumping data for table `roles`
--

LOCK TABLES `roles` WRITE;
/*!40000 ALTER TABLE `roles` DISABLE KEYS */;
INSERT INTO `roles` VALUES (1,'admin','2022-08-15 15:58:00','2022-08-15 15:58:00'),(2,'almacen','2022-08-15 15:58:00','2022-08-15 15:58:00'),(3,'venta','2022-08-15 15:58:00','2022-08-15 15:58:00');
/*!40000 ALTER TABLE `roles` ENABLE KEYS */;
UNLOCK TABLES;

--
-- Table structure for table `sessions`
--

DROP TABLE IF EXISTS `sessions`;
/*!40101 SET @saved_cs_client     = @@character_set_client */;
/*!50503 SET character_set_client = utf8mb4 */;
CREATE TABLE `sessions` (
  `id` varchar(255) COLLATE utf8_unicode_ci NOT NULL,
  `user_id` bigint unsigned DEFAULT NULL,
  `ip_address` varchar(45) COLLATE utf8_unicode_ci DEFAULT NULL,
  `user_agent` text COLLATE utf8_unicode_ci,
  `payload` text COLLATE utf8_unicode_ci NOT NULL,
  `last_activity` int NOT NULL,
  PRIMARY KEY (`id`),
  KEY `sessions_user_id_index` (`user_id`),
  KEY `sessions_last_activity_index` (`last_activity`)
) ENGINE=InnoDB DEFAULT CHARSET=utf8mb3 COLLATE=utf8_unicode_ci;
/*!40101 SET character_set_client = @saved_cs_client */;

--
-- Dumping data for table `sessions`
--

LOCK TABLES `sessions` WRITE;
/*!40000 ALTER TABLE `sessions` DISABLE KEYS */;
INSERT INTO `sessions` VALUES ('HthJyeF4hCu3l4sX44u2gAls7HQxnEdNBWUYX19G',1,'127.0.0.1','Mozilla/5.0 (Windows NT 10.0; Win64; x64) AppleWebKit/537.36 (KHTML, like Gecko) Chrome/103.0.5060.134 Safari/537.36 OPR/89.0.4447.98','YTo3OntzOjY6Il90b2tlbiI7czo0MDoiUmFQempMcGNLb1pGcTU1dkNZb2lSR1ROMTZrZTUzUzFicEp2RUY1biI7czozOiJ1cmwiO2E6MDp7fXM6OToiX3ByZXZpb3VzIjthOjE6e3M6MzoidXJsIjtzOjMwOiJodHRwOi8vbG9jYWxob3N0OjgwMDAvcHJvZHVjdHMiO31zOjY6Il9mbGFzaCI7YToyOntzOjM6Im9sZCI7YTowOnt9czozOiJuZXciO2E6MDp7fX1zOjU6ImxvZ2luIjthOjA6e31zOjUwOiJsb2dpbl93ZWJfNTliYTM2YWRkYzJiMmY5NDAxNTgwZjAxNGM3ZjU4ZWE0ZTMwOTg5ZCI7aToxO3M6MjE6InBhc3N3b3JkX2hhc2hfc2FuY3R1bSI7czo2MDoiJDJ5JDEwJEVlQUZpSDUzU254WXB1TUxieFFzT3U1M3U0a0llc2VWN05VTzRZaW96NHA5TjJISHdncHI2Ijt9',1660929352);
/*!40000 ALTER TABLE `sessions` ENABLE KEYS */;
UNLOCK TABLES;

--
-- Table structure for table `status`
--

DROP TABLE IF EXISTS `status`;
/*!40101 SET @saved_cs_client     = @@character_set_client */;
/*!50503 SET character_set_client = utf8mb4 */;
CREATE TABLE `status` (
  `id` bigint unsigned NOT NULL AUTO_INCREMENT,
  `code` varchar(255) COLLATE utf8_unicode_ci NOT NULL,
  `name` varchar(255) COLLATE utf8_unicode_ci NOT NULL,
  `order` int NOT NULL,
  `user_sms` text COLLATE utf8_unicode_ci,
  `io` tinyint(1) DEFAULT NULL,
  `color` varchar(255) COLLATE utf8_unicode_ci NOT NULL DEFAULT '#059862',
  `operation_id` bigint unsigned NOT NULL,
  `created_at` timestamp NULL DEFAULT NULL,
  `updated_at` timestamp NULL DEFAULT NULL,
  PRIMARY KEY (`id`),
  KEY `status_operation_id_foreign` (`operation_id`),
  CONSTRAINT `status_operation_id_foreign` FOREIGN KEY (`operation_id`) REFERENCES `operations` (`id`) ON DELETE CASCADE
) ENGINE=InnoDB AUTO_INCREMENT=18 DEFAULT CHARSET=utf8mb3 COLLATE=utf8_unicode_ci;
/*!40101 SET character_set_client = @saved_cs_client */;

--
-- Dumping data for table `status`
--

LOCK TABLES `status` WRITE;
/*!40000 ALTER TABLE `status` DISABLE KEYS */;
INSERT INTO `status` VALUES (1,'1','Orden preparado',0,NULL,NULL,'#4c5564',1,'2022-08-15 15:58:01','2022-08-19 01:18:29'),(2,'2','Orden planeado',1,NULL,NULL,'#d87704',1,'2022-08-15 15:58:01','2022-08-19 01:18:29'),(3,'3','Orden en almacen',2,NULL,NULL,'#6f26da',1,'2022-08-15 15:58:01','2022-08-19 01:18:29'),(4,'4','Orden entregado',3,NULL,1,'#057758',1,'2022-08-15 15:58:01','2022-08-19 01:18:29'),(5,'5','Orden por cobrar',4,NULL,NULL,'#16a34a',1,'2022-08-15 15:58:01','2022-08-19 01:18:29'),(6,'6','Orden finalizada',5,NULL,NULL,'#0092ca',1,'2022-08-15 15:58:01','2022-08-19 01:18:29'),(7,'7','orden devuelta',0,NULL,NULL,'#05004e',3,'2022-08-15 15:58:01','2022-08-19 01:06:40'),(8,'8','Orden ingresado al depósito',1,NULL,0,'#0092ca',2,'2022-08-15 15:58:01','2022-08-19 01:09:52'),(9,'9','Compra registrada',0,NULL,NULL,'#05004e',2,'2022-08-15 15:58:01','2022-08-19 01:07:18');
/*!40000 ALTER TABLE `status` ENABLE KEYS */;
UNLOCK TABLES;

--
-- Table structure for table `usernotifications`
--

DROP TABLE IF EXISTS `usernotifications`;
/*!40101 SET @saved_cs_client     = @@character_set_client */;
/*!50503 SET character_set_client = utf8mb4 */;
CREATE TABLE `usernotifications` (
  `id` bigint unsigned NOT NULL AUTO_INCREMENT,
  `status` tinyint(1) NOT NULL DEFAULT '0',
  `user_id` bigint unsigned NOT NULL,
  `notification_id` bigint unsigned NOT NULL,
  `created_at` timestamp NULL DEFAULT NULL,
  `updated_at` timestamp NULL DEFAULT NULL,
  PRIMARY KEY (`id`),
  KEY `usernotifications_user_id_foreign` (`user_id`),
  KEY `usernotifications_notification_id_foreign` (`notification_id`),
  CONSTRAINT `usernotifications_notification_id_foreign` FOREIGN KEY (`notification_id`) REFERENCES `notifications` (`id`) ON DELETE CASCADE,
  CONSTRAINT `usernotifications_user_id_foreign` FOREIGN KEY (`user_id`) REFERENCES `users` (`id`) ON DELETE CASCADE
) ENGINE=InnoDB AUTO_INCREMENT=61 DEFAULT CHARSET=utf8mb3 COLLATE=utf8_unicode_ci;
/*!40101 SET character_set_client = @saved_cs_client */;

--
-- Dumping data for table `usernotifications`
--

LOCK TABLES `usernotifications` WRITE;
/*!40000 ALTER TABLE `usernotifications` DISABLE KEYS */;
INSERT INTO `usernotifications` VALUES (1,1,5,11,'2022-08-15 15:58:05','2022-08-15 15:58:05'),(2,1,1,4,'2022-08-15 15:58:05','2022-08-15 15:58:05'),(3,1,5,34,'2022-08-15 15:58:05','2022-08-15 15:58:05'),(4,1,6,26,'2022-08-15 15:58:05','2022-08-15 15:58:05'),(5,1,3,17,'2022-08-15 15:58:05','2022-08-15 15:58:05'),(6,1,1,14,'2022-08-15 15:58:05','2022-08-15 15:58:05'),(7,1,5,41,'2022-08-15 15:58:05','2022-08-15 15:58:05'),(8,1,1,45,'2022-08-15 15:58:05','2022-08-19 01:32:24'),(9,1,1,50,'2022-08-15 15:58:05','2022-08-19 01:32:29'),(10,0,2,27,'2022-08-15 15:58:05','2022-08-15 15:58:05'),(11,0,1,37,'2022-08-15 15:58:05','2022-08-15 15:58:05'),(12,0,6,32,'2022-08-15 15:58:05','2022-08-15 15:58:05'),(13,0,4,6,'2022-08-15 15:58:05','2022-08-15 15:58:05'),(14,1,1,26,'2022-08-15 15:58:05','2022-08-15 15:58:05'),(15,0,3,40,'2022-08-15 15:58:05','2022-08-15 15:58:05'),(16,0,1,41,'2022-08-15 15:58:05','2022-08-15 15:58:05'),(17,0,6,31,'2022-08-15 15:58:05','2022-08-15 15:58:05'),(18,1,3,3,'2022-08-15 15:58:05','2022-08-15 15:58:05'),(19,1,5,15,'2022-08-15 15:58:05','2022-08-15 15:58:05'),(20,1,1,36,'2022-08-15 15:58:05','2022-08-15 15:58:05'),(21,0,6,27,'2022-08-15 15:58:05','2022-08-15 15:58:05'),(22,1,4,31,'2022-08-15 15:58:05','2022-08-15 15:58:05'),(23,0,5,5,'2022-08-15 15:58:05','2022-08-15 15:58:05'),(24,0,6,19,'2022-08-15 15:58:05','2022-08-15 15:58:05'),(25,1,3,15,'2022-08-15 15:58:05','2022-08-15 15:58:05'),(26,1,2,2,'2022-08-15 15:58:05','2022-08-15 15:58:05'),(27,0,3,23,'2022-08-15 15:58:05','2022-08-15 15:58:05'),(28,1,3,47,'2022-08-15 15:58:05','2022-08-15 15:58:05'),(29,1,1,43,'2022-08-15 15:58:05','2022-08-15 15:58:05'),(30,0,4,21,'2022-08-15 15:58:05','2022-08-15 15:58:05'),(31,0,3,16,'2022-08-15 15:58:05','2022-08-15 15:58:05'),(32,0,6,29,'2022-08-15 15:58:05','2022-08-15 15:58:05'),(33,1,3,23,'2022-08-15 15:58:05','2022-08-15 15:58:05'),(34,1,4,5,'2022-08-15 15:58:05','2022-08-15 15:58:05'),(35,0,5,47,'2022-08-15 15:58:05','2022-08-15 15:58:05'),(36,1,2,17,'2022-08-15 15:58:05','2022-08-15 15:58:05'),(37,0,4,50,'2022-08-15 15:58:05','2022-08-15 15:58:05'),(38,1,1,3,'2022-08-15 15:58:05','2022-08-15 15:58:05'),(39,1,2,14,'2022-08-15 15:58:05','2022-08-15 15:58:05'),(40,0,6,26,'2022-08-15 15:58:05','2022-08-15 15:58:05'),(41,1,5,42,'2022-08-15 15:58:05','2022-08-15 15:58:05'),(42,1,2,14,'2022-08-15 15:58:05','2022-08-15 15:58:05'),(43,1,2,42,'2022-08-15 15:58:05','2022-08-15 15:58:05'),(44,1,2,49,'2022-08-15 15:58:05','2022-08-15 15:58:05'),(45,0,1,26,'2022-08-15 15:58:05','2022-08-15 15:58:05'),(46,1,6,14,'2022-08-15 15:58:05','2022-08-15 15:58:05'),(47,0,1,30,'2022-08-15 15:58:05','2022-08-15 15:58:05'),(48,1,3,24,'2022-08-15 15:58:05','2022-08-15 15:58:05'),(49,1,2,10,'2022-08-15 15:58:05','2022-08-15 15:58:05'),(50,0,2,17,'2022-08-15 15:58:05','2022-08-15 15:58:05'),(51,1,1,8,'2022-08-15 15:58:05','2022-08-15 15:58:05'),(52,0,6,33,'2022-08-15 15:58:05','2022-08-15 15:58:05'),(53,0,2,39,'2022-08-15 15:58:05','2022-08-15 15:58:05'),(54,0,5,9,'2022-08-15 15:58:05','2022-08-15 15:58:05'),(55,0,4,3,'2022-08-15 15:58:05','2022-08-15 15:58:05'),(56,1,4,3,'2022-08-15 15:58:05','2022-08-15 15:58:05'),(57,0,2,43,'2022-08-15 15:58:05','2022-08-15 15:58:05'),(58,0,4,17,'2022-08-15 15:58:05','2022-08-15 15:58:05'),(59,0,3,42,'2022-08-15 15:58:05','2022-08-15 15:58:05'),(60,1,2,41,'2022-08-15 15:58:05','2022-08-15 15:58:05');
/*!40000 ALTER TABLE `usernotifications` ENABLE KEYS */;
UNLOCK TABLES;

--
-- Table structure for table `users`
--

DROP TABLE IF EXISTS `users`;
/*!40101 SET @saved_cs_client     = @@character_set_client */;
/*!50503 SET character_set_client = utf8mb4 */;
CREATE TABLE `users` (
  `id` bigint unsigned NOT NULL AUTO_INCREMENT,
  `name` varchar(255) COLLATE utf8_unicode_ci NOT NULL,
  `email` varchar(255) COLLATE utf8_unicode_ci NOT NULL,
  `phone` varchar(255) COLLATE utf8_unicode_ci DEFAULT NULL,
  `address` varchar(255) COLLATE utf8_unicode_ci DEFAULT NULL,
  `email_verified_at` timestamp NULL DEFAULT NULL,
  `password` varchar(255) COLLATE utf8_unicode_ci NOT NULL,
  `two_factor_secret` text COLLATE utf8_unicode_ci,
  `two_factor_recovery_codes` text COLLATE utf8_unicode_ci,
  `two_factor_confirmed_at` timestamp NULL DEFAULT NULL,
  `current_team_id` bigint unsigned DEFAULT NULL,
  `profile_photo_path` varchar(2048) COLLATE utf8_unicode_ci DEFAULT NULL,
  `role_id` bigint unsigned DEFAULT NULL,
  `created_at` timestamp NULL DEFAULT NULL,
  `updated_at` timestamp NULL DEFAULT NULL,
  PRIMARY KEY (`id`),
  UNIQUE KEY `users_email_unique` (`email`),
  KEY `users_role_id_foreign` (`role_id`),
  CONSTRAINT `users_role_id_foreign` FOREIGN KEY (`role_id`) REFERENCES `roles` (`id`) ON DELETE SET NULL
) ENGINE=InnoDB AUTO_INCREMENT=7 DEFAULT CHARSET=utf8mb3 COLLATE=utf8_unicode_ci;
/*!40101 SET character_set_client = @saved_cs_client */;

--
-- Dumping data for table `users`
--

LOCK TABLES `users` WRITE;
/*!40000 ALTER TABLE `users` DISABLE KEYS */;
INSERT INTO `users` VALUES (1,'Flores','admin@gmail.com','987654321','av madre de dios',NULL,'$2y$10$EeAFiH53SnxYpuMLbxQsOu53u4kIeseV7NUO4Yioz4p9N2HHwgpr6','eyJpdiI6IkpYNFNwbysra0VQQnFVZmpYemhxS2c9PSIsInZhbHVlIjoiQ2ZhTndrTWZIcFhlRW1NVTBSLzlwS0hOVExPbWFmRUJvNTZrbjhWYUNiZz0iLCJtYWMiOiI0MWU0YjE0ZjZjY2NhNGI0YmMyZDFmODI4ODZlNzU5MWE2NTFkNzA1ZTE1ODIyZmRkZTZkOGQwYWRkNmZlMDExIiwidGFnIjoiIn0=','eyJpdiI6ImhIMFBpamtWNnRJanBZM2lobHhnL2c9PSIsInZhbHVlIjoiTm93am9XTk9XNWhRWmF2Y2szM3l3a0k5eE5wODZSK2V0SkE5WmlhdElVVEEwamVLdmNaRXNmYzhPNm9KZ0NTUitNaGFOU3pIaGlSSmdtdml1SFVQR3R6MVZidTJ0d2tRcitjU21tZDJDUDhpUW9SRmZhbjNGYW4rOVVOMURuUWMzQU5DNkxhdUN6M3ltOUFmQjAxMFh3UG1PdkVoVjBSODRCeTJMc3JrcFgyVnNyekgweEN3NThNU1hFWHprM25IMXRGblUySjhhYTBkLzF0ejlUWlhuWWFkY204NVNtalAreHBEM0Z2ekhZUmtxYTQ0RXRtUVdMN3UwMUNkOUNIUXovTnZCeEl3Rk54WHcxck5LYktld1E9PSIsIm1hYyI6IjJlYmQ4YmNmMDBkMGEyZGI0OWY2N2EwNDZhZGU5NGJiMzA4YjM5ZDkzNWNjOTUzMGUzMmE1NzZhM2NiNjRhYWUiLCJ0YWciOiIifQ==','2022-08-17 14:27:41',NULL,'profile-photos/HPWD5X8hROPQ4l9jTM6RwQhhcM3hYRBTpETttfQs.png',1,'2022-08-15 15:58:00','2022-08-17 15:55:11'),(2,'Thonny','thonn776@gmail.com','987654321','av madre de dios',NULL,'$2y$10$TMa.QH8eCkuovyEkgNT8wOb6bDcGdCv6HaKdgQXJvlXNf0G4j5hjm',NULL,NULL,NULL,NULL,'qflores.jpg',1,'2022-08-15 15:58:00','2022-08-15 15:58:00'),(3,'Freddy','freddy@gmail.com','987654321','av santiagod e surco',NULL,'$2y$10$7dFlBT6e45KLe9dcU9Fhz.zCUwKY/ySKXwuOhgEIPS4ravR8nVBn6',NULL,NULL,NULL,NULL,'freddy.jpg',1,'2022-08-15 15:58:00','2022-08-15 15:58:00'),(4,'artifun admin','artifunad@gmail.com','658654321','av la republicas',NULL,'$2y$10$BukkYkVuOPC14pPNQlxvK.mMwQPHEa3YBdLzSi0TMxRdNg5rHGSYq',NULL,NULL,NULL,NULL,'qflores.jpg',1,'2022-08-15 15:58:01','2022-08-15 15:58:01'),(5,'almacen','almacen@gmail.com','65954321','av chile 5642',NULL,'$2y$10$DzZ4aXRmu9o4Vseo01SZmuD0bJNznrPvGWYnvDQJ5hNi9sseI2Bla',NULL,NULL,NULL,NULL,'almacen.jpg',2,'2022-08-15 15:58:01','2022-08-15 15:58:01'),(6,'ventas','ventas@gmail.com','986554321','av chile 5642',NULL,'$2y$10$TjnmtcUPUYByqCfl7qfhwO727xfveYFyf.5ZodbnUQlGxlTwMynRm',NULL,NULL,NULL,NULL,'almacen.jpg',3,'2022-08-15 15:58:01','2022-08-15 15:58:01');
/*!40000 ALTER TABLE `users` ENABLE KEYS */;
UNLOCK TABLES;

--
-- Table structure for table `vouchertypes`
--

DROP TABLE IF EXISTS `vouchertypes`;
/*!40101 SET @saved_cs_client     = @@character_set_client */;
/*!50503 SET character_set_client = utf8mb4 */;
CREATE TABLE `vouchertypes` (
  `id` bigint unsigned NOT NULL AUTO_INCREMENT,
  `code` varchar(255) COLLATE utf8_unicode_ci NOT NULL,
  `name` varchar(255) COLLATE utf8_unicode_ci NOT NULL,
  `created_at` timestamp NULL DEFAULT NULL,
  `updated_at` timestamp NULL DEFAULT NULL,
  PRIMARY KEY (`id`)
) ENGINE=InnoDB AUTO_INCREMENT=5 DEFAULT CHARSET=utf8mb3 COLLATE=utf8_unicode_ci;
/*!40101 SET character_set_client = @saved_cs_client */;

--
-- Dumping data for table `vouchertypes`
--

LOCK TABLES `vouchertypes` WRITE;
/*!40000 ALTER TABLE `vouchertypes` DISABLE KEYS */;
INSERT INTO `vouchertypes` VALUES (1,'00','otros','2022-08-15 15:58:00','2022-08-15 15:58:00'),(2,'01','Factura','2022-08-15 15:58:00','2022-08-15 15:58:00'),(3,'03','Boleta de venta','2022-08-15 15:58:00','2022-08-15 15:58:00'),(4,'07','Nota de credito','2022-08-15 15:58:00','2022-08-15 15:58:00');
/*!40000 ALTER TABLE `vouchertypes` ENABLE KEYS */;
UNLOCK TABLES;
/*!40103 SET TIME_ZONE=@OLD_TIME_ZONE */;

/*!40101 SET SQL_MODE=@OLD_SQL_MODE */;
/*!40014 SET FOREIGN_KEY_CHECKS=@OLD_FOREIGN_KEY_CHECKS */;
/*!40014 SET UNIQUE_CHECKS=@OLD_UNIQUE_CHECKS */;
/*!40101 SET CHARACTER_SET_CLIENT=@OLD_CHARACTER_SET_CLIENT */;
/*!40101 SET CHARACTER_SET_RESULTS=@OLD_CHARACTER_SET_RESULTS */;
/*!40101 SET COLLATION_CONNECTION=@OLD_COLLATION_CONNECTION */;
/*!40111 SET SQL_NOTES=@OLD_SQL_NOTES */;

-- Dump completed on 2022-08-19 12:23:03
